Agena/test/20180823/1/G1111895 (1)  [MA4-3.3.1.20-iPLEX 08/23/18 16:31:09]     08/23/2018,,,,,,,,,,,,,,,
,,,,,,,,,,,,,,,
Sample Id,Sample Description,Call,Assay Id,Well Position,Description,Entry Operator,Calibration,Mass Shift,Rasters,Fractional UEP,Fractional Pausing,Resolution ,Resolution 2,Resolution 3,Resolution 4
10021527, ,,HLHX_W1_22,A19,D.Low Probability,MassSpec,Off,0.09,5,,,872.428,699.487,,
10021527, ,A,HLHX_W1_10,A19,B.Moderate,MassSpec,Off,-0.12,5,,,0,0,731.968,
10021527, ,CA,HLHX_W1_24,A19,A.Conservative,MassSpec,Off,-0.86,5,,,680.742,682.654,,
10021527, ,CT,HLHX_W1_11,A19,A.Conservative,MassSpec,Off,-0.31,5,,,778.423,749.696,,
10021527, ,CA,HLHX_W1_12,A19,A.Conservative,MassSpec,Off,0.08,5,,,782.021,824.417,,
10021527, ,G,HLHX_W1_13,A19,A.Conservative,MassSpec,Off,-0.23,5,,,0,816.225,,
10021527, ,AG,HLHX_W1_14,A19,A.Conservative,MassSpec,Off,-0.09,5,,,741.144,742.943,,
10021527, ,T,HLHX_W1_15,A19,A.Conservative,MassSpec,Off,-0.37,5,,,685.357,0,,
10021527, ,GA,HLHX_W1_16,A19,B.Moderate,MassSpec,Off,0.03,5,,,863.193,786.956,,
10021527, ,G,HLHX_W1_17,A19,B.Moderate,MassSpec,Off,-0.26,5,,,708.932,866.75,,
10021527, ,AG,HLHX_W1_18,A19,A.Conservative,MassSpec,Off,-0.17,5,,,704.335,705.815,,
10021527, ,AG,HLHX_W1_19,A19,A.Conservative,MassSpec,Off,-0.14,5,,,746.466,748.024,,
10021527, ,A,HLHX_W1_20,A19,B.Moderate,MassSpec,Off,-0.4,5,,,774.236,775.841,,
10021527, ,C,HLHX_W1_21,A19,C.Aggressive,MassSpec,Off,-0.35,5,,,668.152,669.528,0,
10021527, ,GC,HLHX_W1_01,A19,A.Conservative,MassSpec,Off,0.3,5,,,653.854,604.839,,
10021527, ,A,HLHX_W1_02,A19,A.Conservative,MassSpec,Off,0.33,5,,,0,701.423,,
10021527, ,GT,HLHX_W1_03,A19,A.Conservative,MassSpec,Off,-0.08,5,,,698.249,538.818,,
10021527, ,A,HLHX_W1_04,A19,A.Conservative,MassSpec,Off,0.06,5,,,615.812,755.18,,
10021527, ,,HLHX_W1_05,A19,D.Low Probability,MassSpec,Off,-0.77,5,,,1116.76,642.676,,
10021527, ,DEL,HLHX_W1_06,A19,A.Conservative,MassSpec,Off,-0.24,5,,,575.276,764.254,,
10021527, ,TC,HLHX_W1_07,A19,A.Conservative,MassSpec,Off,0.08,5,,,737.313,739.351,,
10021527, ,T,HLHX_W1_08,A19,B.Moderate,MassSpec,Off,0,5,,,648.608,650.386,,
10021527, ,G,HLHX_W1_09,A19,A.Conservative,MassSpec,Off,-0.02,5,,,771.486,773.552,,
10021527, ,C,HLHX_W1_23,A19,A.Conservative,MassSpec,Off,-0.46,5,,,615.218,0,,
10024136, ,,HLHX_W1_22,A20,D.Low Probability,MassSpec,Off,0.32,5,,,1054.63,787.308,,
10024136, ,,HLHX_W1_10,A20,D.Low Probability,MassSpec,Off,-0.91,5,,,0,0,632.058,
10024136, ,AG,HLHX_W1_09,A20,A.Conservative,MassSpec,Off,0.14,5,,,765.645,767.695,,
10024136, ,T,HLHX_W1_08,A20,A.Conservative,MassSpec,Off,-0.17,5,,,783.711,785.859,,
10024136, ,TC,HLHX_W1_07,A20,A.Conservative,MassSpec,Off,-0.44,5,,,802.372,804.59,,
10024136, ,DEL,HLHX_W1_06,A20,A.Conservative,MassSpec,Off,-0.42,5,,,923.628,748.713,,
10024136, ,,HLHX_W1_05,A20,D.Low Probability,MassSpec,Off,-0.11,5,,,793.218,533.303,,
10024136, ,C,HLHX_W1_04,A20,A.Conservative,MassSpec,Off,-0.19,5,,,820.413,714.595,,
10024136, ,T,HLHX_W1_03,A20,A.Conservative,MassSpec,Off,0.03,5,,,0,711.343,,
10024136, ,A,HLHX_W1_02,A20,A.Conservative,MassSpec,Off,-0.27,5,,,590.439,772.03,,
10024136, ,GC,HLHX_W1_01,A20,A.Conservative,MassSpec,Off,-0.58,5,,,728.554,661.247,,
10024136, ,A,HLHX_W1_21,A20,A.Conservative,MassSpec,Off,0.55,5,,,0,0,777.035,
10024136, ,AG,HLHX_W1_20,A20,A.Conservative,MassSpec,Off,0.4,5,,,848.281,850.039,,
10024136, ,A,HLHX_W1_19,A20,A.Conservative,MassSpec,Off,0.07,5,,,847.575,849.345,,
10024136, ,A,HLHX_W1_18,A20,A.Conservative,MassSpec,Off,0.19,5,,,868.429,870.253,,
10024136, ,CG,HLHX_W1_17,A20,B.Moderate,MassSpec,Off,-0.84,5,,,708.932,869.083,,
10024136, ,G,HLHX_W1_16,A20,A.Conservative,MassSpec,Off,-0.01,5,,,870.257,0,,
10024136, ,T,HLHX_W1_15,A20,A.Conservative,MassSpec,Off,-0.3,5,,,770.17,0,,
10024136, ,AG,HLHX_W1_14,A20,A.Conservative,MassSpec,Off,0.2,5,,,721.124,722.874,,
10024136, ,CG,HLHX_W1_13,A20,B.Moderate,MassSpec,Off,0.07,5,,,809.798,865.489,,
10024136, ,CA,HLHX_W1_12,A20,A.Conservative,MassSpec,Off,0.17,5,,,884.614,795.704,,
10024136, ,CT,HLHX_W1_11,A20,A.Conservative,MassSpec,Off,-0.18,5,,,905.269,769.269,,
10024136, ,CA,HLHX_W1_24,A20,C.Aggressive,MassSpec,Off,0.46,5,,,751.876,753.988,,
10024136, ,C,HLHX_W1_23,A20,A.Conservative,MassSpec,Off,0.5,5,,,716.389,0,,
10024110, ,G,HLHX_W1_20,A21,C.Aggressive,MassSpec,Off,-0.62,5,,,834.236,835.965,,
10024110, ,GA,HLHX_W1_22,A21,A.Conservative,MassSpec,Off,-0.53,5,,,868.879,796.106,,
10024110, ,AG,HLHX_W1_19,A21,A.Conservative,MassSpec,Off,-0.73,5,,,826.993,828.72,,
10024110, ,CA,HLHX_W1_04,A21,A.Conservative,MassSpec,Off,-0.21,5,,,778.285,667.947,,
10024110, ,A,HLHX_W1_18,A21,C.Aggressive,MassSpec,Off,-0.47,5,,,878.229,880.075,,
10024110, ,TC,HLHX_W1_07,A21,A.Conservative,MassSpec,Off,-0.23,5,,,814.995,817.248,,
10024110, ,G,HLHX_W1_17,A21,B.Moderate,MassSpec,Off,-0.95,5,,,0,771.068,,
10024110, ,GT,HLHX_W1_03,A21,A.Conservative,MassSpec,Off,0,5,,,788.902,815.773,,
10024110, ,G,HLHX_W1_16,A21,A.Conservative,MassSpec,Off,-0.55,5,,,824.509,0,,
10024110, ,A,HLHX_W1_10,A21,A.Conservative,MassSpec,Off,-0.32,5,,,656.202,0,792.494,
10024110, ,T,HLHX_W1_15,A21,A.Conservative,MassSpec,Off,-0.26,5,,,771.154,695.748,,
10024110, ,CA,HLHX_W1_02,A21,A.Conservative,MassSpec,Off,-0.19,5,,,674.13,711.502,,
10024110, ,A,HLHX_W1_14,A21,A.Conservative,MassSpec,Off,-0.32,5,,,881.841,883.981,,
10024110, ,ATTTGTTCATGCCT.DEL,HLHX_W1_06,A21,A.Conservative,MassSpec,Off,-0.48,5,,,775.14,719.146,,
10024110, ,CG,HLHX_W1_13,A21,B.Moderate,MassSpec,Off,-0.07,5,,,870.119,853.55,,
10024110, ,C,HLHX_W1_01,A21,A.Conservative,MassSpec,Off,-0.17,5,,,527.064,700.602,,
10024110, ,C,HLHX_W1_12,A21,A.Conservative,MassSpec,Off,-0.31,5,,,863.004,1470.86,,
10024110, ,T,HLHX_W1_08,A21,B.Moderate,MassSpec,Off,-0.17,5,,,836.581,838.873,,
10024110, ,A,HLHX_W1_21,A21,A.Conservative,MassSpec,Off,-0.47,5,,,1236.59,0,853.672,
10024110, ,CA,HLHX_W1_24,A21,B.Moderate,MassSpec,Off,-0.72,5,,,754.456,756.574,,
10024110, ,G,HLHX_W1_05,A21,A.Conservative,MassSpec,Off,-0.08,5,,,734.437,0,,
10024110, ,C,HLHX_W1_23,A21,A.Conservative,MassSpec,Off,-0.39,5,,,898.756,748.771,,
10024110, ,CT,HLHX_W1_11,A21,A.Conservative,MassSpec,Off,0.05,5,,,780.764,848.883,,
10024110, ,AG,HLHX_W1_09,A21,B.Moderate,MassSpec,Off,-0.12,5,,,743.104,745.094,,
10024140, ,G,HLHX_W1_22,A22,A.Conservative,MassSpec,Off,-0.05,5,,,783.433,747.297,,
10024140, ,C,HLHX_W1_23,A22,A.Conservative,MassSpec,Off,-0.44,5,,,723.101,748.771,,
10024140, ,CA,HLHX_W1_24,A22,A.Conservative,MassSpec,Off,0.5,5,,,647.09,648.907,,
10024140, ,CA,HLHX_W1_12,A22,A.Conservative,MassSpec,Off,-0.21,5,,,851.206,886.109,,
10024140, ,CG,HLHX_W1_13,A22,A.Conservative,MassSpec,Off,0.21,5,,,824.002,791.735,,
10024140, ,G,HLHX_W1_14,A22,B.Moderate,MassSpec,Off,-0.02,5,,,799.943,801.884,,
10024140, ,T,HLHX_W1_15,A22,A.Conservative,MassSpec,Off,-0.12,5,,,757.016,0,,
10024140, ,GA,HLHX_W1_16,A22,C.Aggressive,MassSpec,Off,-0.05,5,,,819.838,752.026,,
10024140, ,G,HLHX_W1_17,A22,A.Conservative,MassSpec,Off,0.13,5,,,0,786.725,,
10024140, ,AG,HLHX_W1_18,A22,A.Conservative,MassSpec,Off,-0.19,5,,,737.191,738.74,,
10024140, ,AG,HLHX_W1_19,A22,A.Conservative,MassSpec,Off,-0.13,5,,,692.223,693.668,,
10024140, ,AG,HLHX_W1_20,A22,B.Moderate,MassSpec,Off,0.37,5,,,743.669,745.211,,
10024140, ,A,HLHX_W1_21,A22,A.Conservative,MassSpec,Off,0.07,5,,,1552.98,0,728.744,
10024140, ,GC,HLHX_W1_01,A22,A.Conservative,MassSpec,Off,0.15,5,,,666.93,697.181,,
10024140, ,A,HLHX_W1_02,A22,A.Conservative,MassSpec,Off,0.22,5,,,590.439,642.398,,
10024140, ,T,HLHX_W1_03,A22,A.Conservative,MassSpec,Off,0.27,5,,,0,743.222,,
10024140, ,CA,HLHX_W1_04,A22,A.Conservative,MassSpec,Off,0.02,5,,,688.925,661.218,,
10024140, ,GT,HLHX_W1_05,A22,A.Conservative,MassSpec,Off,-0.06,5,,,761.905,637.409,,
10024140, ,ATTTGTTCATGCCT,HLHX_W1_06,A22,B.Moderate,MassSpec,Off,0.22,5,,,779.565,817.684,,
10024140, ,TC,HLHX_W1_07,A22,A.Conservative,MassSpec,Off,0.01,5,,,650.879,652.678,,
10024140, ,T,HLHX_W1_08,A22,B.Moderate,MassSpec,Off,0.06,5,,,719.625,721.598,,
10024140, ,G,HLHX_W1_09,A22,B.Moderate,MassSpec,Off,0.22,5,,,769.281,771.341,,
10024140, ,A,HLHX_W1_10,A22,A.Conservative,MassSpec,Off,-0.2,5,,,0,0,691.795,
10024140, ,T,HLHX_W1_11,A22,B.Moderate,MassSpec,Off,-0.22,5,,,963.759,788.99,,
10022146, ,C,HLHX_W1_23,A23,A.Conservative,MassSpec,Off,0.55,5,,,837.836,748.771,,
10022146, ,A,HLHX_W1_10,A23,A.Conservative,MassSpec,Off,-0.56,5,,,0,0,712.823,
10022146, ,A,HLHX_W1_09,A23,A.Conservative,MassSpec,Off,0.05,5,,,880.197,882.555,,
10022146, ,T,HLHX_W1_08,A23,A.Conservative,MassSpec,Off,0.01,5,,,817.775,820.016,,
10022146, ,TC,HLHX_W1_07,A23,A.Conservative,MassSpec,Off,-0.21,5,,,756.712,758.804,,
10022146, ,DEL,HLHX_W1_06,A23,A.Conservative,MassSpec,Off,-0.01,5,,,635.183,774.078,,
10022146, ,GT,HLHX_W1_05,A23,B.Moderate,MassSpec,Off,0.23,5,,,748.309,620.167,,
10022146, ,C,HLHX_W1_04,A23,B.Moderate,MassSpec,Off,0.08,5,,,829.84,625.588,,
10022146, ,GT,HLHX_W1_03,A23,A.Conservative,MassSpec,Off,0.18,5,,,706.591,744.243,,
10022146, ,CA,HLHX_W1_02,A23,A.Conservative,MassSpec,Off,-0.14,5,,,736.611,697.998,,
10022146, ,G,HLHX_W1_01,A23,A.Conservative,MassSpec,Off,0.11,5,,,742.437,0,,
10022146, ,G,HLHX_W1_22,A23,A.Conservative,MassSpec,Off,0.31,5,,,807.461,0,,
10022146, ,CA,HLHX_W1_21,A23,B.Moderate,MassSpec,Off,-0.12,5,,,707.585,709.042,709.875,
10022146, ,AG,HLHX_W1_20,A23,B.Moderate,MassSpec,Off,0.62,5,,,776.774,778.384,,
10022146, ,AG,HLHX_W1_19,A23,A.Conservative,MassSpec,Off,0.82,5,,,800.714,802.386,,
10022146, ,G,HLHX_W1_18,A23,A.Conservative,MassSpec,Off,0.23,5,,,813.908,815.619,,
10022146, ,CG,HLHX_W1_17,A23,A.Conservative,MassSpec,Off,0.5,5,,,774.427,982.358,,
10022146, ,GA,HLHX_W1_16,A23,B.Moderate,MassSpec,Off,0.1,5,,,917.157,807.394,,
10022146, ,T,HLHX_W1_15,A23,A.Conservative,MassSpec,Off,-0.09,5,,,839.273,0,,
10022146, ,AG,HLHX_W1_14,A23,A.Conservative,MassSpec,Off,0.22,5,,,808.361,810.324,,
10022146, ,G,HLHX_W1_13,A23,A.Conservative,MassSpec,Off,0.21,5,,,0,945.58,,
10022146, ,CA,HLHX_W1_12,A23,A.Conservative,MassSpec,Off,0.14,5,,,894.522,1007.77,,
10022146, ,CA,HLHX_W1_24,A23,B.Moderate,MassSpec,Off,0.05,5,,,702.85,704.824,,
10022146, ,T,HLHX_W1_11,A23,B.Moderate,MassSpec,Off,-0.15,5,,,1278.44,796.99,,
BB18080002, ,A,HLHX_W1_10,A24,A.Conservative,MassSpec,Off,-0.25,5,,,0,0,793.173,
BB18080002, ,C,HLHX_W1_23,A24,A.Conservative,MassSpec,Off,0.46,5,,,735.395,0,,
BB18080002, ,GT,HLHX_W1_05,A24,B.Moderate,MassSpec,Off,-0.06,5,,,985.552,781.617,,
BB18080002, ,AG,HLHX_W1_20,A24,A.Conservative,MassSpec,Off,0.03,5,,,770.605,772.202,,
BB18080002, ,T,HLHX_W1_08,A24,B.Moderate,MassSpec,Off,0.04,5,,,804.273,806.477,,
BB18080002, ,G,HLHX_W1_19,A24,A.Conservative,MassSpec,Off,0.17,5,,,901.925,903.808,,
BB18080002, ,C,HLHX_W1_04,A24,A.Conservative,MassSpec,Off,0.35,5,,,845.03,475.856,,
BB18080002, ,G,HLHX_W1_18,A24,A.Conservative,MassSpec,Off,0.09,5,,,806.069,807.763,,
BB18080002, ,CT,HLHX_W1_11,A24,A.Conservative,MassSpec,Off,0.18,5,,,817.685,800.57,,
BB18080002, ,G,HLHX_W1_17,A24,A.Conservative,MassSpec,Off,-0.69,5,,,0,896.241,,
BB18080002, ,T,HLHX_W1_03,A24,A.Conservative,MassSpec,Off,0.04,5,,,612.479,786.324,,
BB18080002, ,G,HLHX_W1_16,A24,A.Conservative,MassSpec,Off,-0.48,5,,,849.4,0,,
BB18080002, ,T,HLHX_W1_07,A24,A.Conservative,MassSpec,Off,0.08,5,,,888.857,0,,
BB18080002, ,T,HLHX_W1_15,A24,A.Conservative,MassSpec,Off,-0.3,5,,,817.806,0,,
BB18080002, ,A,HLHX_W1_02,A24,A.Conservative,MassSpec,Off,0.25,5,,,0,801.785,,
BB18080002, ,A,HLHX_W1_14,A24,A.Conservative,MassSpec,Off,0.12,5,,,960.11,962.441,,
BB18080002, ,AG,HLHX_W1_09,A24,A.Conservative,MassSpec,Off,0.33,5,,,778.987,781.074,,
BB18080002, ,G,HLHX_W1_13,A24,A.Conservative,MassSpec,Off,-0.16,5,,,0,878.115,,
BB18080002, ,GC,HLHX_W1_01,A24,A.Conservative,MassSpec,Off,0.26,5,,,751.735,807.293,,
BB18080002, ,C,HLHX_W1_12,A24,A.Conservative,MassSpec,Off,0.25,5,,,898.694,1215.49,,
BB18080002, ,ATTTGTTCATGCCT.DEL,HLHX_W1_06,A24,B.Moderate,MassSpec,Off,0.29,5,,,904.196,759.715,,
BB18080002, ,CA,HLHX_W1_24,A24,B.Moderate,MassSpec,Off,0.9,5,,,748.479,750.581,,
BB18080002, ,GA,HLHX_W1_22,A24,B.Moderate,MassSpec,Off,0.08,5,,,883.278,735.243,,
BB18080002, ,,HLHX_W1_21,A24,D.Low Probability,MassSpec,Off,0.18,5,,,548.609,549.739,677.893,
10024146, ,,HLHX_W1_22,B19,D.Low Probability,MassSpec,Off,-0.44,5,,,728.966,0,,
10024146, ,A,HLHX_W1_10,B19,C.Aggressive,MassSpec,Off,0.03,5,,,0,0,662.704,
10024146, ,CA,HLHX_W1_24,B19,B.Moderate,MassSpec,Off,-1.01,5,,,672.511,674.4,,
10024146, ,T,HLHX_W1_11,B19,A.Conservative,MassSpec,Off,-0.24,5,,,1403.25,792.188,,
10024146, ,C,HLHX_W1_12,B19,A.Conservative,MassSpec,Off,-0.11,5,,,826.17,673.401,,
10024146, ,G,HLHX_W1_13,B19,A.Conservative,MassSpec,Off,-0.05,5,,,0,785.732,,
10024146, ,AG,HLHX_W1_14,B19,A.Conservative,MassSpec,Off,-0.09,5,,,776.387,778.272,,
10024146, ,T,HLHX_W1_15,B19,A.Conservative,MassSpec,Off,-0.55,5,,,718.672,695.748,,
10024146, ,G,HLHX_W1_16,B19,A.Conservative,MassSpec,Off,0.21,5,,,771.243,0,,
10024146, ,G,HLHX_W1_17,B19,A.Conservative,MassSpec,Off,-0.45,5,,,0,879.017,,
10024146, ,G,HLHX_W1_18,B19,A.Conservative,MassSpec,Off,-0.18,5,,,880.635,882.486,,
10024146, ,G,HLHX_W1_19,B19,A.Conservative,MassSpec,Off,-0.05,5,,,806.526,808.21,,
10024146, ,AG,HLHX_W1_20,B19,A.Conservative,MassSpec,Off,0.04,5,,,776.382,777.991,,
10024146, ,CA,HLHX_W1_21,B19,A.Conservative,MassSpec,Off,0.1,5,,,634.815,636.122,626.607,
10024146, ,C,HLHX_W1_01,B19,A.Conservative,MassSpec,Off,0.26,5,,,1040.56,703.942,,
10024146, ,CA,HLHX_W1_02,B19,A.Conservative,MassSpec,Off,-0.11,5,,,723.723,701.904,,
10024146, ,GT,HLHX_W1_03,B19,A.Conservative,MassSpec,Off,-0.55,5,,,610.393,846.564,,
10024146, ,CA,HLHX_W1_04,B19,A.Conservative,MassSpec,Off,0,5,,,668.031,679.3,,
10024146, ,,HLHX_W1_05,B19,D.Low Probability,MassSpec,Off,-0.53,5,,,0,756.369,,
10024146, ,DEL,HLHX_W1_06,B19,A.Conservative,MassSpec,Off,-0.21,5,,,0,708.441,,
10024146, ,T,HLHX_W1_07,B19,A.Conservative,MassSpec,Off,-0.05,5,,,700.507,702.443,,
10024146, ,T,HLHX_W1_08,B19,B.Moderate,MassSpec,Off,0.23,5,,,814.781,817.014,,
10024146, ,G,HLHX_W1_09,B19,A.Conservative,MassSpec,Off,0.15,5,,,800.467,802.611,,
10024146, ,C,HLHX_W1_23,B19,A.Conservative,MassSpec,Off,-0.44,5,,,734.673,748.771,,
BB18070008, ,,HLHX_W1_22,B20,D.Low Probability,MassSpec,Off,0.03,5,,,915.445,0,,
BB18070008, ,,HLHX_W1_10,B20,D.Low Probability,MassSpec,Off,-0.06,5,,,0,0,711.897,
BB18070008, ,G,HLHX_W1_09,B20,A.Conservative,MassSpec,Off,0.01,5,,,836.566,838.807,,
BB18070008, ,T,HLHX_W1_08,B20,B.Moderate,MassSpec,Off,-0.17,5,,,824.25,826.509,,
BB18070008, ,T,HLHX_W1_07,B20,B.Moderate,MassSpec,Off,-0.22,5,,,834.566,836.873,,
BB18070008, ,DEL,HLHX_W1_06,B20,A.Conservative,MassSpec,Off,-0.2,5,,,635.183,717.685,,
BB18070008, ,,HLHX_W1_05,B20,D.Low Probability,MassSpec,Off,-0.41,5,,,860.047,548.464,,
BB18070008, ,A,HLHX_W1_04,B20,A.Conservative,MassSpec,Off,-0.03,5,,,615.812,728.751,,
BB18070008, ,T,HLHX_W1_03,B20,A.Conservative,MassSpec,Off,-0.06,5,,,0,828.301,,
BB18070008, ,A,HLHX_W1_02,B20,A.Conservative,MassSpec,Off,0,5,,,590.439,715.936,,
BB18070008, ,C,HLHX_W1_01,B20,A.Conservative,MassSpec,Off,-0.22,5,,,585.866,708.411,,
BB18070008, ,C,HLHX_W1_21,B20,C.Aggressive,MassSpec,Off,-0.34,5,,,815.155,816.833,0,
BB18070008, ,A,HLHX_W1_20,B20,A.Conservative,MassSpec,Off,-0.01,5,,,796.565,798.216,,
BB18070008, ,AG,HLHX_W1_19,B20,A.Conservative,MassSpec,Off,-0.07,5,,,729.439,730.962,,
BB18070008, ,G,HLHX_W1_18,B20,A.Conservative,MassSpec,Off,0.25,5,,,756.603,758.193,,
BB18070008, ,G,HLHX_W1_17,B20,A.Conservative,MassSpec,Off,-0.67,5,,,0,871.684,,
BB18070008, ,,HLHX_W1_16,B20,D.Low Probability,MassSpec,Off,-0.03,5,,,858.968,782.528,,
BB18070008, ,T,HLHX_W1_15,B20,A.Conservative,MassSpec,Off,-0.55,5,,,622.72,0,,
BB18070008, ,A,HLHX_W1_14,B20,A.Conservative,MassSpec,Off,-0.21,5,,,846.445,848.499,,
BB18070008, ,G,HLHX_W1_13,B20,A.Conservative,MassSpec,Off,-0.16,5,,,0,832.886,,
BB18070008, ,C,HLHX_W1_12,B20,A.Conservative,MassSpec,Off,-0.16,5,,,898.826,0,,
BB18070008, ,T,HLHX_W1_11,B20,A.Conservative,MassSpec,Off,-0.5,5,,,1346.37,766.645,,
BB18070008, ,CA,HLHX_W1_24,B20,B.Moderate,MassSpec,Off,-0.06,5,,,791.036,793.257,,
BB18070008, ,C,HLHX_W1_23,B20,A.Conservative,MassSpec,Off,-0.38,5,,,793.997,0,,
10021888, ,A,HLHX_W1_20,B21,A.Conservative,MassSpec,Off,0.04,5,,,748.372,749.923,,
10021888, ,G,HLHX_W1_22,B21,A.Conservative,MassSpec,Off,-0.02,5,,,762.656,747.297,,
10021888, ,G,HLHX_W1_19,B21,A.Conservative,MassSpec,Off,0.03,5,,,818.093,819.801,,
10021888, ,C,HLHX_W1_04,B21,B.Moderate,MassSpec,Off,0.22,5,,,694.418,487.696,,
10021888, ,AG,HLHX_W1_18,B21,A.Conservative,MassSpec,Off,0.05,5,,,753.192,754.775,,
10021888, ,TC,HLHX_W1_07,B21,A.Conservative,MassSpec,Off,0.23,5,,,765.654,767.77,,
10021888, ,G,HLHX_W1_17,B21,A.Conservative,MassSpec,Off,-0.6,5,,,0,698.434,,
10021888, ,GT,HLHX_W1_03,B21,A.Conservative,MassSpec,Off,0.32,5,,,757.068,749.762,,
10021888, ,G,HLHX_W1_16,B21,A.Conservative,MassSpec,Off,-0.07,5,,,892.679,0,,
10021888, ,A,HLHX_W1_10,B21,A.Conservative,MassSpec,Off,-0.05,5,,,0,0,741.391,
10021888, ,T,HLHX_W1_15,B21,A.Conservative,MassSpec,Off,-0.08,5,,,753.935,525.889,,
10021888, ,A,HLHX_W1_02,B21,A.Conservative,MassSpec,Off,0.26,5,,,590.439,750.021,,
10021888, ,A,HLHX_W1_14,B21,A.Conservative,MassSpec,Off,0.18,5,,,885.147,887.296,,
10021888, ,DEL,HLHX_W1_06,B21,A.Conservative,MassSpec,Off,0.16,5,,,0,779.656,,
10021888, ,G,HLHX_W1_13,B21,A.Conservative,MassSpec,Off,0.09,5,,,0,824.44,,
10021888, ,GC,HLHX_W1_01,B21,A.Conservative,MassSpec,Off,0.31,5,,,731.443,687.669,,
10021888, ,CA,HLHX_W1_12,B21,A.Conservative,MassSpec,Off,0.12,5,,,875.395,851.502,,
10021888, ,T,HLHX_W1_08,B21,B.Moderate,MassSpec,Off,0.28,5,,,782.742,784.887,,
10021888, ,C,HLHX_W1_21,B21,B.Moderate,MassSpec,Off,-0.1,5,,,801.535,803.185,732.926,
10021888, ,CA,HLHX_W1_24,B21,B.Moderate,MassSpec,Off,0.35,5,,,699.475,701.439,,
10021888, ,T,HLHX_W1_05,B21,A.Conservative,MassSpec,Off,0.05,5,,,622.746,735.975,,
10021888, ,C,HLHX_W1_23,B21,A.Conservative,MassSpec,Off,0.02,5,,,740.414,1378.85,,
10021888, ,CT,HLHX_W1_11,B21,A.Conservative,MassSpec,Off,0.07,5,,,798.05,768.322,,
10021888, ,G,HLHX_W1_09,B21,A.Conservative,MassSpec,Off,0.15,5,,,772.723,774.792,,
BB18080040, ,G,HLHX_W1_22,B22,A.Conservative,MassSpec,Off,0,5,,,922.518,747.297,,
BB18080040, ,C,HLHX_W1_23,B22,A.Conservative,MassSpec,Off,-0.05,5,,,741.16,748.771,,
BB18080040, ,CA,HLHX_W1_24,B22,B.Moderate,MassSpec,Off,0.38,5,,,777.189,779.371,,
BB18080040, ,CA,HLHX_W1_12,B22,A.Conservative,MassSpec,Off,-0.04,5,,,911.359,835.783,,
BB18080040, ,G,HLHX_W1_13,B22,A.Conservative,MassSpec,Off,-0.15,5,,,0,898.375,,
BB18080040, ,A,HLHX_W1_14,B22,A.Conservative,MassSpec,Off,-0.17,5,,,848.239,850.298,,
BB18080040, ,T,HLHX_W1_15,B22,A.Conservative,MassSpec,Off,-0.29,5,,,883.26,0,,
BB18080040, ,A,HLHX_W1_16,B22,A.Conservative,MassSpec,Off,-0.11,5,,,0,736.715,,
BB18080040, ,CG,HLHX_W1_17,B22,B.Moderate,MassSpec,Off,-0.16,5,,,845.812,898.308,,
BB18080040, ,AG,HLHX_W1_18,B22,B.Moderate,MassSpec,Off,-0.49,5,,,797.851,799.527,,
BB18080040, ,AG,HLHX_W1_19,B22,A.Conservative,MassSpec,Off,0.28,5,,,746.13,747.688,,
BB18080040, ,A,HLHX_W1_20,B22,A.Conservative,MassSpec,Off,-0.12,5,,,842.583,844.33,,
BB18080040, ,CA,HLHX_W1_21,B22,B.Moderate,MassSpec,Off,0.36,5,,,747.811,749.35,758.481,
BB18080040, ,GC,HLHX_W1_01,B22,A.Conservative,MassSpec,Off,0.09,5,,,776.502,682.273,,
BB18080040, ,A,HLHX_W1_02,B22,A.Conservative,MassSpec,Off,-0.05,5,,,590.439,777.132,,
BB18080040, ,T,HLHX_W1_03,B22,A.Conservative,MassSpec,Off,0.01,5,,,0,814.948,,
BB18080040, ,A,HLHX_W1_04,B22,A.Conservative,MassSpec,Off,-0.05,5,,,615.812,872.471,,
BB18080040, ,G,HLHX_W1_05,B22,A.Conservative,MassSpec,Off,-0.82,5,,,795.025,1296.94,,
BB18080040, ,DEL,HLHX_W1_06,B22,A.Conservative,MassSpec,Off,-0.28,5,,,0,788.925,,
BB18080040, ,TC,HLHX_W1_07,B22,A.Conservative,MassSpec,Off,-0.1,5,,,803.844,806.066,,
BB18080040, ,T,HLHX_W1_08,B22,B.Moderate,MassSpec,Off,0.07,5,,,793.33,795.504,,
BB18080040, ,G,HLHX_W1_09,B22,A.Conservative,MassSpec,Off,0.03,5,,,784.224,786.324,,
BB18080040, ,A,HLHX_W1_10,B22,A.Conservative,MassSpec,Off,-0.2,5,,,656.202,0,782.795,
BB18080040, ,CT,HLHX_W1_11,B22,A.Conservative,MassSpec,Off,-0.19,5,,,839.367,856.224,,
10024463, ,C,HLHX_W1_23,B23,A.Conservative,MassSpec,Off,0.38,5,,,719.072,0,,
10024463, ,A,HLHX_W1_10,B23,A.Conservative,MassSpec,Off,-0.43,5,,,0,0,661.434,
10024463, ,A,HLHX_W1_09,B23,A.Conservative,MassSpec,Off,-0.08,5,,,857.852,860.15,,
10024463, ,T,HLHX_W1_08,B23,B.Moderate,MassSpec,Off,-0.04,5,,,850.869,853.201,,
10024463, ,T,HLHX_W1_07,B23,A.Conservative,MassSpec,Off,-0.32,5,,,868.834,871.235,,
10024463, ,DEL,HLHX_W1_06,B23,A.Conservative,MassSpec,Off,-0.45,5,,,0,730.122,,
10024463, ,GT,HLHX_W1_05,B23,A.Conservative,MassSpec,Off,-0.95,5,,,820.462,746.918,,
10024463, ,C,HLHX_W1_04,B23,B.Moderate,MassSpec,Off,-0.13,5,,,766.446,601.998,,
10024463, ,T,HLHX_W1_03,B23,A.Conservative,MassSpec,Off,-0.27,5,,,0,730.129,,
10024463, ,CA,HLHX_W1_02,B23,B.Moderate,MassSpec,Off,-0.34,5,,,686.212,713.139,,
10024463, ,G,HLHX_W1_01,B23,A.Conservative,MassSpec,Off,-0.11,5,,,691.254,1808.58,,
10024463, ,A,HLHX_W1_22,B23,A.Conservative,MassSpec,Off,0.04,5,,,0,743.27,,
10024463, ,CA,HLHX_W1_21,B23,A.Conservative,MassSpec,Off,-0.12,5,,,776.508,778.106,788.659,
10024463, ,AG,HLHX_W1_20,B23,B.Moderate,MassSpec,Off,-0.02,5,,,710.767,712.24,,
10024463, ,A,HLHX_W1_19,B23,A.Conservative,MassSpec,Off,-0.14,5,,,747.532,749.093,,
10024463, ,A,HLHX_W1_18,B23,C.Aggressive,MassSpec,Off,0.19,5,,,819.4,821.122,,
10024463, ,G,HLHX_W1_17,B23,A.Conservative,MassSpec,Off,-0.15,5,,,0,850.15,,
10024463, ,G,HLHX_W1_16,B23,A.Conservative,MassSpec,Off,-0.14,5,,,824.074,0,,
10024463, ,T,HLHX_W1_15,B23,A.Conservative,MassSpec,Off,-0.33,5,,,752.742,654.663,,
10024463, ,A,HLHX_W1_14,B23,A.Conservative,MassSpec,Off,-0.05,5,,,870.456,872.569,,
10024463, ,CG,HLHX_W1_13,B23,A.Conservative,MassSpec,Off,-0.26,5,,,798.492,869.049,,
10024463, ,C,HLHX_W1_12,B23,A.Conservative,MassSpec,Off,0.11,5,,,855.521,968.16,,
10024463, ,A,HLHX_W1_24,B23,A.Conservative,MassSpec,Off,-0.53,5,,,787.607,789.818,,
10024463, ,C,HLHX_W1_11,B23,A.Conservative,MassSpec,Off,0.01,5,,,827.365,0,,
BB18080048, ,A,HLHX_W1_10,B24,A.Conservative,MassSpec,Off,-0.53,5,,,0,0,746.015,
BB18080048, ,C,HLHX_W1_23,B24,A.Conservative,MassSpec,Off,0.11,5,,,739.438,0,,
BB18080048, ,G,HLHX_W1_05,B24,B.Moderate,MassSpec,Off,-0.16,5,,,800.193,0,,
BB18080048, ,A,HLHX_W1_20,B24,A.Conservative,MassSpec,Off,0.08,5,,,814.366,816.054,,
BB18080048, ,T,HLHX_W1_08,B24,A.Conservative,MassSpec,Off,-0.15,5,,,833.204,835.487,,
BB18080048, ,G,HLHX_W1_19,B24,A.Conservative,MassSpec,Off,0,5,,,807.071,808.756,,
BB18080048, ,C,HLHX_W1_04,B24,A.Conservative,MassSpec,Off,-0.29,5,,,755.407,623.799,,
BB18080048, ,AG,HLHX_W1_18,B24,A.Conservative,MassSpec,Off,0.32,5,,,727.406,728.935,,
BB18080048, ,T,HLHX_W1_11,B24,A.Conservative,MassSpec,Off,-0.41,5,,,1010.67,796.548,,
BB18080048, ,CG,HLHX_W1_17,B24,B.Moderate,MassSpec,Off,-0.94,5,,,875.908,717.509,,
BB18080048, ,G,HLHX_W1_03,B24,B.Moderate,MassSpec,Off,0.06,5,,,831.025,650.432,,
BB18080048, ,G,HLHX_W1_16,B24,A.Conservative,MassSpec,Off,-0.2,5,,,841.997,0,,
BB18080048, ,TC,HLHX_W1_07,B24,A.Conservative,MassSpec,Off,-0.33,5,,,774.122,776.261,,
BB18080048, ,T,HLHX_W1_15,B24,A.Conservative,MassSpec,Off,-0.62,5,,,693.479,582.565,,
BB18080048, ,A,HLHX_W1_02,B24,A.Conservative,MassSpec,Off,-0.24,5,,,590.439,776.917,,
BB18080048, ,AG,HLHX_W1_14,B24,A.Conservative,MassSpec,Off,-0.21,5,,,819.451,821.44,,
BB18080048, ,G,HLHX_W1_09,B24,A.Conservative,MassSpec,Off,0.02,5,,,819.171,821.365,,
BB18080048, ,G,HLHX_W1_13,B24,A.Conservative,MassSpec,Off,-0.03,5,,,0,780.901,,
BB18080048, ,GC,HLHX_W1_01,B24,A.Conservative,MassSpec,Off,-0.37,5,,,739.3,774.889,,
BB18080048, ,CA,HLHX_W1_12,B24,A.Conservative,MassSpec,Off,0.1,5,,,816.325,806.089,,
BB18080048, ,DEL,HLHX_W1_06,B24,A.Conservative,MassSpec,Off,-0.55,5,,,635.183,732.655,,
BB18080048, ,A,HLHX_W1_24,B24,A.Conservative,MassSpec,Off,0.15,5,,,761.471,763.61,,
BB18080048, ,G,HLHX_W1_22,B24,A.Conservative,MassSpec,Off,-0.14,5,,,740.93,747.297,,
BB18080048, ,C,HLHX_W1_21,B24,B.Moderate,MassSpec,Off,0.19,5,,,742.224,743.752,732.926,
BB18080055, ,G,HLHX_W1_22,C19,D.Low Probability,MassSpec,Off,-0.13,5,,,738.864,2050.52,,
BB18080055, ,A,HLHX_W1_10,C19,B.Moderate,MassSpec,Off,0.05,5,,,0,0,760.39,
BB18080055, ,CA,HLHX_W1_24,C19,B.Moderate,MassSpec,Off,-0.24,5,,,734.079,736.141,,
BB18080055, ,T,HLHX_W1_11,C19,A.Conservative,MassSpec,Off,-0.79,5,,,1112.18,725.171,,
BB18080055, ,C,HLHX_W1_12,C19,A.Conservative,MassSpec,Off,-0.18,5,,,843.996,1389.92,,
BB18080055, ,G,HLHX_W1_13,C19,A.Conservative,MassSpec,Off,-0.04,5,,,0,800.849,,
BB18080055, ,AG,HLHX_W1_14,C19,A.Conservative,MassSpec,Off,-0.19,5,,,742.919,744.722,,
BB18080055, ,T,HLHX_W1_15,C19,A.Conservative,MassSpec,Off,-0.6,5,,,657.03,695.748,,
BB18080055, ,G,HLHX_W1_16,C19,A.Conservative,MassSpec,Off,-0.15,5,,,835.841,0,,
BB18080055, ,G,HLHX_W1_17,C19,A.Conservative,MassSpec,Off,-0.34,5,,,0,791.659,,
BB18080055, ,AG,HLHX_W1_18,C19,A.Conservative,MassSpec,Off,0.34,5,,,715.688,717.192,,
BB18080055, ,G,HLHX_W1_19,C19,A.Conservative,MassSpec,Off,-0.59,5,,,764.162,765.758,,
BB18080055, ,AG,HLHX_W1_20,C19,A.Conservative,MassSpec,Off,-0.14,5,,,694.874,696.314,,
BB18080055, ,C,HLHX_W1_21,C19,D.Low Probability,MassSpec,Off,0.05,5,,,622.962,624.245,959.017,
BB18080055, ,GC,HLHX_W1_01,C19,A.Conservative,MassSpec,Off,0.19,5,,,695.343,687.428,,
BB18080055, ,CA,HLHX_W1_02,C19,B.Moderate,MassSpec,Off,0.1,5,,,596.944,675.983,,
BB18080055, ,GT,HLHX_W1_03,C19,A.Conservative,MassSpec,Off,-0.03,5,,,762.784,709.126,,
BB18080055, ,CA,HLHX_W1_04,C19,A.Conservative,MassSpec,Off,-0.3,5,,,618.62,678.289,,
BB18080055, ,T,HLHX_W1_05,C19,C.Aggressive,MassSpec,Off,-0.26,5,,,2676.96,744.9,,
BB18080055, ,DEL,HLHX_W1_06,C19,A.Conservative,MassSpec,Off,-0.16,5,,,635.183,723.476,,
BB18080055, ,T,HLHX_W1_07,C19,A.Conservative,MassSpec,Off,-0.19,5,,,794.781,796.977,,
BB18080055, ,T,HLHX_W1_08,C19,B.Moderate,MassSpec,Off,-0.15,5,,,772.915,775.033,,
BB18080055, ,G,HLHX_W1_09,C19,A.Conservative,MassSpec,Off,-0.07,5,,,769.62,771.681,,
BB18080055, ,C,HLHX_W1_23,C19,A.Conservative,MassSpec,Off,-0.55,5,,,700.958,0,,
yin1, ,,HLHX_W1_22,C20,D.Low Probability,MassSpec,Off,0.36,5,,,842.182,691.736,,
yin1, ,A,HLHX_W1_10,C20,A.Conservative,MassSpec,Off,0.02,5,,,0,0,762.65,
yin1, ,G,HLHX_W1_09,C20,B.Moderate,MassSpec,Off,0.26,5,,,778.909,780.995,,
yin1, ,T,HLHX_W1_08,C20,B.Moderate,MassSpec,Off,0.09,5,,,800.294,802.487,,
yin1, ,,HLHX_W1_07,C20,D.Low Probability,MassSpec,Off,0.11,5,,,828.763,831.053,,
yin1, ,DEL,HLHX_W1_06,C20,A.Conservative,MassSpec,Off,-0.21,5,,,1236.52,747.418,,
yin1, ,GT,HLHX_W1_05,C20,B.Moderate,MassSpec,Off,-0.17,5,,,808.782,704.396,,
yin1, ,,HLHX_W1_04,C20,D.Low Probability,MassSpec,Off,0.22,5,,,648.345,647.782,,
yin1, ,T,HLHX_W1_03,C20,A.Conservative,MassSpec,Off,-0.25,5,,,612.479,701.027,,
yin1, ,,HLHX_W1_02,C20,D.Low Probability,MassSpec,Off,-0.03,5,,,749.829,586.346,,
yin1, ,,HLHX_W1_01,C20,D.Low Probability,MassSpec,Off,-0.07,5,,,796.946,687.059,,
yin1, ,,HLHX_W1_21,C20,D.Low Probability,MassSpec,Off,0.37,5,,,500.457,501.488,0,
yin1, ,A,HLHX_W1_20,C20,B.Moderate,MassSpec,Off,0.26,5,,,741.408,742.945,,
yin1, ,AG,HLHX_W1_19,C20,A.Conservative,MassSpec,Off,-0.01,5,,,755.518,757.095,,
yin1, ,AG,HLHX_W1_18,C20,A.Conservative,MassSpec,Off,0.38,5,,,703.194,704.671,,
yin1, ,CG,HLHX_W1_17,C20,B.Moderate,MassSpec,Off,0.6,5,,,706.153,882.508,,
yin1, ,,HLHX_W1_16,C20,N.No-Alleles,MassSpec,Off,0.17,5,,,0,0,,
yin1, ,T,HLHX_W1_15,C20,A.Conservative,MassSpec,Off,-0.06,5,,,658.876,0,,
yin1, ,A,HLHX_W1_14,C20,A.Conservative,MassSpec,Off,0.21,5,,,797.484,799.42,,
yin1, ,G,HLHX_W1_13,C20,B.Moderate,MassSpec,Off,0.05,5,,,803.791,765.832,,
yin1, ,C,HLHX_W1_12,C20,B.Moderate,MassSpec,Off,0.02,5,,,799.178,970.291,,
yin1, ,T,HLHX_W1_11,C20,C.Aggressive,MassSpec,Off,0.1,5,,,821.181,774.389,,
yin1, ,,HLHX_W1_24,C20,D.Low Probability,MassSpec,Off,0.52,5,,,726.069,728.108,,
yin1, ,C,HLHX_W1_23,C20,A.Conservative,MassSpec,Off,-0.21,5,,,696.407,0,,
yin2, ,A,HLHX_W1_20,C21,B.Moderate,MassSpec,Off,0.33,5,,,682.783,684.199,,
yin2, ,,HLHX_W1_22,C21,D.Low Probability,MassSpec,Off,0.27,5,,,740.584,558.854,,
yin2, ,AG,HLHX_W1_19,C21,A.Conservative,MassSpec,Off,0.02,5,,,684.4,685.828,,
yin2, ,CA,HLHX_W1_04,C21,A.Conservative,MassSpec,Off,0.57,5,,,676.006,687.76,,
yin2, ,AG,HLHX_W1_18,C21,A.Conservative,MassSpec,Off,-0.07,5,,,719.479,720.991,,
yin2, ,,HLHX_W1_07,C21,D.Low Probability,MassSpec,Off,0.52,5,,,704.791,0,,
yin2, ,,HLHX_W1_17,C21,D.Low Probability,MassSpec,Off,0.67,5,,,777.32,740.66,,
yin2, ,T,HLHX_W1_03,C21,A.Conservative,MassSpec,Off,1.02,5,,,0,684.499,,
yin2, ,,HLHX_W1_16,C21,N.No-Alleles,MassSpec,Off,0.41,5,,,821.451,0,,
yin2, ,A,HLHX_W1_10,C21,A.Conservative,MassSpec,Off,0.72,5,,,1829.39,0,753.699,
yin2, ,T,HLHX_W1_15,C21,A.Conservative,MassSpec,Off,-0.01,5,,,662.124,0,,
yin2, ,CA,HLHX_W1_02,C21,A.Conservative,MassSpec,Off,1.23,5,,,646.026,571.672,,
yin2, ,A,HLHX_W1_14,C21,B.Moderate,MassSpec,Off,0.45,5,,,808.16,810.122,,
yin2, ,DEL,HLHX_W1_06,C21,A.Conservative,MassSpec,Off,0.44,5,,,747.736,662.218,,
yin2, ,G,HLHX_W1_13,C21,B.Moderate,MassSpec,Off,0.46,5,,,779.3,721.52,,
yin2, ,G,HLHX_W1_01,C21,C.Aggressive,MassSpec,Off,1.1,5,,,659.341,574.827,,
yin2, ,C,HLHX_W1_12,C21,A.Conservative,MassSpec,Off,0.35,5,,,795.448,1122.12,,
yin2, ,T,HLHX_W1_08,C21,B.Moderate,MassSpec,Off,0.8,5,,,763.229,765.321,,
yin2, ,TA,HLHX_W1_21,C21,B.Moderate,MassSpec,Off,0.13,5,,,760.117,0,486.435,
yin2, ,CA,HLHX_W1_24,C21,B.Moderate,MassSpec,Off,-0.22,5,,,695.691,697.644,,
yin2, ,GT,HLHX_W1_05,C21,A.Conservative,MassSpec,Off,0.93,5,,,724.696,672.016,,
yin2, ,C,HLHX_W1_23,C21,A.Conservative,MassSpec,Off,-0.04,5,,,698.505,748.771,,
yin2, ,T,HLHX_W1_11,C21,C.Aggressive,MassSpec,Off,0.41,5,,,863.251,747.89,,
yin2, ,G,HLHX_W1_09,C21,B.Moderate,MassSpec,Off,0.88,5,,,715.397,717.313,,
yin3, ,G,HLHX_W1_22,C22,B.Moderate,MassSpec,Off,0.11,5,,,772.432,570.474,,
yin3, ,C,HLHX_W1_23,C22,A.Conservative,MassSpec,Off,-0.41,5,,,718.504,748.771,,
yin3, ,,HLHX_W1_24,C22,D.Low Probability,MassSpec,Off,-0.05,5,,,714.477,716.484,,
yin3, ,C,HLHX_W1_12,C22,A.Conservative,MassSpec,Off,-0.43,5,,,850.195,1277.52,,
yin3, ,G,HLHX_W1_13,C22,C.Aggressive,MassSpec,Off,-0.29,5,,,800.464,807.587,,
yin3, ,A,HLHX_W1_14,C22,A.Conservative,MassSpec,Off,-0.14,5,,,848.692,850.752,,
yin3, ,T,HLHX_W1_15,C22,A.Conservative,MassSpec,Off,-0.26,5,,,804.416,605.295,,
yin3, ,,HLHX_W1_16,C22,D.Low Probability,MassSpec,Off,-0.18,5,,,944.373,0,,
yin3, ,CG,HLHX_W1_17,C22,B.Moderate,MassSpec,Off,-0.19,5,,,754.418,982.96,,
yin3, ,AG,HLHX_W1_18,C22,A.Conservative,MassSpec,Off,-0.16,5,,,774.636,776.264,,
yin3, ,AG,HLHX_W1_19,C22,B.Moderate,MassSpec,Off,0,5,,,713.543,715.033,,
yin3, ,A,HLHX_W1_20,C22,B.Moderate,MassSpec,Off,-0.27,5,,,763.71,765.294,,
yin3, ,,HLHX_W1_21,C22,D.Low Probability,MassSpec,Off,-0.39,5,,,612.371,613.632,702.59,
yin3, ,,HLHX_W1_01,C22,D.Low Probability,MassSpec,Off,-0.37,5,,,704.949,671.425,,
yin3, ,A,HLHX_W1_02,C22,A.Conservative,MassSpec,Off,-0.17,5,,,590.439,711.606,,
yin3, ,T,HLHX_W1_03,C22,A.Conservative,MassSpec,Off,-0.42,5,,,0,737.378,,
yin3, ,CA,HLHX_W1_04,C22,A.Conservative,MassSpec,Off,-0.52,5,,,745.985,749.819,,
yin3, ,GT,HLHX_W1_05,C22,B.Moderate,MassSpec,Off,-0.39,5,,,803.204,926.44,,
yin3, ,DEL,HLHX_W1_06,C22,A.Conservative,MassSpec,Off,-0.32,5,,,917.113,787.263,,
yin3, ,T,HLHX_W1_07,C22,B.Moderate,MassSpec,Off,-0.35,5,,,894.871,0,,
yin3, ,T,HLHX_W1_08,C22,B.Moderate,MassSpec,Off,-0.24,5,,,803.119,805.32,,
yin3, ,,HLHX_W1_09,C22,D.Low Probability,MassSpec,Off,0,5,,,751.554,753.567,,
yin3, ,A,HLHX_W1_10,C22,A.Conservative,MassSpec,Off,-0.35,5,,,0,0,741.587,
yin3, ,CT,HLHX_W1_11,C22,C.Aggressive,MassSpec,Off,-0.22,5,,,756.658,838.109,,
yin4, ,C,HLHX_W1_23,C23,A.Conservative,MassSpec,Off,-0.35,5,,,789.399,0,,
yin4, ,A,HLHX_W1_10,C23,A.Conservative,MassSpec,Off,-0.27,5,,,0,0,735.715,
yin4, ,,HLHX_W1_09,C23,D.Low Probability,MassSpec,Off,0.09,5,,,753.522,755.541,,
yin4, ,T,HLHX_W1_08,C23,A.Conservative,MassSpec,Off,-0.09,5,,,826.321,828.585,,
yin4, ,,HLHX_W1_07,C23,D.Low Probability,MassSpec,Off,0.04,5,,,708.178,710.136,,
yin4, ,,HLHX_W1_06,C23,N.No-Alleles,MassSpec,Off,-0.21,5,,,1168.41,0,,
yin4, ,GT,HLHX_W1_05,C23,C.Aggressive,MassSpec,Off,-0.58,5,,,683.344,628.896,,
yin4, ,CA,HLHX_W1_04,C23,C.Aggressive,MassSpec,Off,-0.65,5,,,647.444,642.254,,
yin4, ,T,HLHX_W1_03,C23,A.Conservative,MassSpec,Off,-0.08,5,,,1724.54,791.602,,
yin4, ,C,HLHX_W1_02,C23,B.Moderate,MassSpec,Off,-0.33,5,,,660.429,631.758,,
yin4, ,,HLHX_W1_01,C23,D.Low Probability,MassSpec,Off,-0.7,5,,,694.538,629.359,,
yin4, ,,HLHX_W1_22,C23,D.Low Probability,MassSpec,Off,-0.07,5,,,786.899,644.259,,
yin4, ,,HLHX_W1_21,C23,O.Unknown-Genotypes,MassSpec,Off,0.14,5,,,615.288,616.555,523.15,
yin4, ,A,HLHX_W1_20,C23,B.Moderate,MassSpec,Off,0.36,5,,,786.404,788.034,,
yin4, ,AG,HLHX_W1_19,C23,B.Moderate,MassSpec,Off,0.68,5,,,762.148,763.739,,
yin4, ,AG,HLHX_W1_18,C23,A.Conservative,MassSpec,Off,0.11,5,,,720.249,721.763,,
yin4, ,G,HLHX_W1_17,C23,A.Conservative,MassSpec,Off,-0.17,5,,,0,752.163,,
yin4, ,,HLHX_W1_16,C23,N.No-Alleles,MassSpec,Off,0.17,5,,,702.388,0,,
yin4, ,T,HLHX_W1_15,C23,A.Conservative,MassSpec,Off,0.04,5,,,661.538,0,,
yin4, ,A,HLHX_W1_14,C23,B.Moderate,MassSpec,Off,-0.14,5,,,821.473,823.467,,
yin4, ,G,HLHX_W1_13,C23,B.Moderate,MassSpec,Off,-0.09,5,,,789.597,809.189,,
yin4, ,C,HLHX_W1_12,C23,B.Moderate,MassSpec,Off,-0.2,5,,,825.032,975.827,,
yin4, ,,HLHX_W1_24,C23,N.No-Alleles,MassSpec,Off,0.16,5,,,0,0,,
yin4, ,T,HLHX_W1_11,C23,A.Conservative,MassSpec,Off,-0.13,5,,,1040.33,831.243,,
yin6, ,A,HLHX_W1_10,C24,A.Conservative,MassSpec,Off,-0.17,5,,,0,0,759.981,
yin6, ,C,HLHX_W1_23,C24,A.Conservative,MassSpec,Off,-0.42,5,,,819.414,0,,
yin6, ,GT,HLHX_W1_05,C24,B.Moderate,MassSpec,Off,-0.14,5,,,813.575,706.533,,
yin6, ,A,HLHX_W1_20,C24,B.Moderate,MassSpec,Off,-0.12,5,,,816.711,818.404,,
yin6, ,T,HLHX_W1_08,C24,B.Moderate,MassSpec,Off,0.29,5,,,865.924,868.297,,
yin6, ,AG,HLHX_W1_19,C24,B.Moderate,MassSpec,Off,-0.08,5,,,769.755,771.362,,
yin6, ,CA,HLHX_W1_04,C24,B.Moderate,MassSpec,Off,0.2,5,,,753.753,717.733,,
yin6, ,AG,HLHX_W1_18,C24,B.Moderate,MassSpec,Off,-0.29,5,,,776.091,777.722,,
yin6, ,T,HLHX_W1_11,C24,A.Conservative,MassSpec,Off,-0.38,5,,,1118.19,815.521,,
yin6, ,,HLHX_W1_17,C24,D.Low Probability,MassSpec,Off,-0.54,5,,,521.19,832.727,,
yin6, ,T,HLHX_W1_03,C24,A.Conservative,MassSpec,Off,-0.11,5,,,0,758.435,,
yin6, ,,HLHX_W1_16,C24,D.Low Probability,MassSpec,Off,-0.23,5,,,950.001,0,,
yin6, ,,HLHX_W1_07,C24,D.Low Probability,MassSpec,Off,-0.08,5,,,901.952,904.445,,
yin6, ,T,HLHX_W1_15,C24,A.Conservative,MassSpec,Off,-0.43,5,,,737.507,0,,
yin6, ,CA,HLHX_W1_02,C24,A.Conservative,MassSpec,Off,-0.03,5,,,754.345,721.607,,
yin6, ,A,HLHX_W1_14,C24,B.Moderate,MassSpec,Off,-0.08,5,,,908.047,910.252,,
yin6, ,AG,HLHX_W1_09,C24,B.Moderate,MassSpec,Off,0.5,5,,,798.262,800.4,,
yin6, ,G,HLHX_W1_13,C24,B.Moderate,MassSpec,Off,-0.25,5,,,896.311,879.779,,
yin6, ,GC,HLHX_W1_01,C24,B.Moderate,MassSpec,Off,-0.07,5,,,753.789,653.164,,
yin6, ,C,HLHX_W1_12,C24,B.Moderate,MassSpec,Off,-0.3,5,,,903.147,1008.78,,
yin6, ,DEL,HLHX_W1_06,C24,A.Conservative,MassSpec,Off,-0.15,5,,,1231.3,770.618,,
yin6, ,,HLHX_W1_24,C24,D.Low Probability,MassSpec,Off,-0.11,5,,,704.754,706.733,,
yin6, ,G,HLHX_W1_22,C24,B.Moderate,MassSpec,Off,-0.39,5,,,825.681,651.19,,
yin6, ,,HLHX_W1_21,C24,D.Low Probability,MassSpec,Off,0.1,5,,,686.375,687.788,511.353,
10021527, ,,HLFA_W1_11,D19,D.Low Probability,MassSpec,Off,0.3,5,,,807.429,0,,
10021527, ,,HLFA_W1_12,D19,D.Low Probability,MassSpec,Off,-0.02,5,,,725.909,727.509,,
10021527, ,,HLFA_W1_01,D19,D.Low Probability,MassSpec,Off,0.1,5,,,0,840.737,,
10021527, ,,HLFA_W1_02,D19,D.Low Probability,MassSpec,Off,0,5,,,705.875,687.97,,
10021527, ,T,HLFA_W1_03,D19,B.Moderate,MassSpec,Off,-0.1,5,,,740.445,742.632,,
10021527, ,,HLFA_W1_10,D19,D.Low Probability,MassSpec,Off,-0.13,5,,,780.493,0,,
10021527, ,,HLFA_W1_05,D19,D.Low Probability,MassSpec,Off,-0.25,5,,,726.042,0,,
10021527, ,,HLFA_W1_06,D19,D.Low Probability,MassSpec,Off,-0.26,5,,,763.058,0,,
10021527, ,,HLFA_W1_07,D19,D.Low Probability,MassSpec,Off,0.06,5,,,670.493,1543.49,,
10021527, ,C,HLFA_W1_08,D19,A.Conservative,MassSpec,Off,-0.2,5,,,674.646,676.355,,
10021527, ,,HLFA_W1_09,D19,D.Low Probability,MassSpec,Off,0.03,5,,,757.46,0,,
10021527, ,,HLFA_W1_04,D19,N.No-Alleles,MassSpec,Off,-0.12,5,,,637.097,0,,
10024136, ,A,HLFA_W1_11,D20,A.Conservative,MassSpec,Off,-0.21,5,,,739.371,741.081,,
10024136, ,A,HLFA_W1_12,D20,A.Conservative,MassSpec,Off,-0.07,5,,,683.443,684.949,,
10024136, ,,HLFA_W1_01,D20,D.Low Probability,MassSpec,Off,0.19,5,,,592.204,594.171,,
10024136, ,CG,HLFA_W1_02,D20,A.Conservative,MassSpec,Off,-0.28,5,,,638.381,670.664,,
10024136, ,TC,HLFA_W1_03,D20,A.Conservative,MassSpec,Off,-0.09,5,,,664.293,666.255,,
10024136, ,,HLFA_W1_04,D20,N.No-Alleles,MassSpec,Off,-0.35,5,,,453.182,0,,
10024136, ,,HLFA_W1_05,D20,D.Low Probability,MassSpec,Off,-0.34,5,,,610.198,1233.01,,
10024136, ,CA,HLFA_W1_06,D20,B.Moderate,MassSpec,Off,-0.46,5,,,722.632,678.69,,
10024136, ,,HLFA_W1_07,D20,D.Low Probability,MassSpec,Off,-0.07,5,,,708.233,630.671,,
10024136, ,TC,HLFA_W1_08,D20,A.Conservative,MassSpec,Off,-0.13,5,,,655.044,656.702,,
10024136, ,,HLFA_W1_09,D20,D.Low Probability,MassSpec,Off,-0.15,5,,,732.149,687.62,,
10024136, ,G,HLFA_W1_10,D20,A.Conservative,MassSpec,Off,0.17,5,,,718.918,0,,
10024110, ,T,HLFA_W1_03,D21,A.Conservative,MassSpec,Off,-0.45,5,,,715.12,717.232,,
10024110, ,AG,HLFA_W1_12,D21,A.Conservative,MassSpec,Off,0.31,5,,,664.884,666.349,,
10024110, ,,HLFA_W1_04,D21,N.No-Alleles,MassSpec,Off,0,5,,,527.493,639.203,,
10024110, ,CG,HLFA_W1_05,D21,A.Conservative,MassSpec,Off,-0.4,5,,,625.582,698.806,,
10024110, ,GA,HLFA_W1_09,D21,C.Aggressive,MassSpec,Off,-0.02,5,,,603.259,778.745,,
10024110, ,C,HLFA_W1_02,D21,A.Conservative,MassSpec,Off,-0.43,5,,,704.686,795.164,,
10024110, ,G,HLFA_W1_10,D21,A.Conservative,MassSpec,Off,-0.09,5,,,709.832,0,,
10024110, ,AG,HLFA_W1_01,D21,A.Conservative,MassSpec,Off,-0.23,5,,,636.783,638.898,,
10024110, ,GA,HLFA_W1_07,D21,A.Conservative,MassSpec,Off,0.1,5,,,740.282,662.32,,
10024110, ,CA,HLFA_W1_06,D21,B.Moderate,MassSpec,Off,-0.04,5,,,657.398,652.065,,
10024110, ,A,HLFA_W1_11,D21,A.Conservative,MassSpec,Off,-0.02,5,,,731.281,732.973,,
10024110, ,C,HLFA_W1_08,D21,B.Moderate,MassSpec,Off,-0.4,5,,,694.363,696.121,,
10024140, ,T,HLFA_W1_03,D22,A.Conservative,MassSpec,Off,0.03,5,,,725.963,728.107,,
10024140, ,C,HLFA_W1_02,D22,A.Conservative,MassSpec,Off,0,5,,,687.235,642.292,,
10024140, ,AG,HLFA_W1_01,D22,A.Conservative,MassSpec,Off,0.12,5,,,632.539,634.64,,
10024140, ,AG,HLFA_W1_12,D22,A.Conservative,MassSpec,Off,0.04,5,,,698.456,699.995,,
10024140, ,A,HLFA_W1_11,D22,A.Conservative,MassSpec,Off,0.28,5,,,726.367,728.047,,
10024140, ,G,HLFA_W1_10,D22,A.Conservative,MassSpec,Off,0.09,5,,,700.184,0,,
10024140, ,GA,HLFA_W1_09,D22,B.Moderate,MassSpec,Off,0.24,5,,,589.084,700.272,,
10024140, ,C,HLFA_W1_08,D22,B.Moderate,MassSpec,Off,-0.25,5,,,646.521,648.158,,
10024140, ,G,HLFA_W1_07,D22,A.Conservative,MassSpec,Off,0.3,5,,,738.529,1463.48,,
10024140, ,C,HLFA_W1_06,D22,A.Conservative,MassSpec,Off,0.13,5,,,680.252,996.813,,
10024140, ,CG,HLFA_W1_05,D22,A.Conservative,MassSpec,Off,-0.48,5,,,671.852,648.219,,
10024140, ,,HLFA_W1_04,D22,N.No-Alleles,MassSpec,Off,0,5,,,637.097,1107.41,,
10022146, ,CA,HLFA_W1_06,D23,A.Conservative,MassSpec,Off,0.12,5,,,729.794,660.785,,
10022146, ,,HLFA_W1_04,D23,N.No-Alleles,MassSpec,Off,0,5,,,0,639.203,,
10022146, ,TC,HLFA_W1_03,D23,A.Conservative,MassSpec,Off,-0.11,5,,,657.02,658.961,,
10022146, ,C,HLFA_W1_05,D23,A.Conservative,MassSpec,Off,-0.19,5,,,730.73,0,,
10022146, ,G,HLFA_W1_10,D23,A.Conservative,MassSpec,Off,0.1,5,,,716.057,0,,
10022146, ,A,HLFA_W1_11,D23,A.Conservative,MassSpec,Off,0.3,5,,,757.15,758.902,,
10022146, ,,HLFA_W1_09,D23,D.Low Probability,MassSpec,Off,-0.13,5,,,678.509,686.693,,
10022146, ,AG,HLFA_W1_01,D23,A.Conservative,MassSpec,Off,0.22,5,,,637.856,639.975,,
10022146, ,C,HLFA_W1_08,D23,B.Moderate,MassSpec,Off,-0.09,5,,,676.888,678.603,,
10022146, ,A,HLFA_W1_12,D23,A.Conservative,MassSpec,Off,-0.21,5,,,697.425,698.962,,
10022146, ,A,HLFA_W1_07,D23,A.Conservative,MassSpec,Off,-0.16,5,,,0,684.939,,
10022146, ,CG,HLFA_W1_02,D23,A.Conservative,MassSpec,Off,-0.26,5,,,668.775,708.68,,
BB18080002, ,,HLFA_W1_03,D24,D.Low Probability,MassSpec,Off,0.19,9,,,734.504,736.674,,
BB18080002, ,,HLFA_W1_11,D24,D.Low Probability,MassSpec,Off,0.27,9,,,765.85,767.621,,
BB18080002, ,A,HLFA_W1_01,D24,A.Conservative,MassSpec,Off,0.07,9,,,666.072,668.284,,
BB18080002, ,C,HLFA_W1_08,D24,B.Moderate,MassSpec,Off,-0.58,9,,,0,724.704,,
BB18080002, ,C,HLFA_W1_02,D24,C.Aggressive,MassSpec,Off,0.1,9,,,692.023,576.763,,
BB18080002, ,C,HLFA_W1_06,D24,B.Moderate,MassSpec,Off,0.57,9,,,684.78,820.145,,
BB18080002, ,,HLFA_W1_05,D24,D.Low Probability,MassSpec,Off,-2.08,9,,,687.213,624.3,,
BB18080002, ,GA,HLFA_W1_07,D24,B.Moderate,MassSpec,Off,-0.48,9,,,718.728,705.469,,
BB18080002, ,A,HLFA_W1_09,D24,B.Moderate,MassSpec,Off,0.1,9,,,0,697.622,,
BB18080002, ,AG,HLFA_W1_12,D24,B.Moderate,MassSpec,Off,1.25,9,,,657.976,659.425,,
BB18080002, ,,HLFA_W1_04,D24,N.No-Alleles,MassSpec,Off,0,9,,,637.097,639.203,,
BB18080002, ,GA,HLFA_W1_10,D24,C.Aggressive,MassSpec,Off,-0.88,9,,,674.712,707.854,,
10024146, ,AG,HLFA_W1_11,E19,A.Conservative,MassSpec,Off,0.21,5,,,802.177,804.032,,
10024146, ,AG,HLFA_W1_12,E19,A.Conservative,MassSpec,Off,-0.22,5,,,739.24,740.869,,
10024146, ,,HLFA_W1_01,E19,D.Low Probability,MassSpec,Off,0.04,5,,,695.675,0,,
10024146, ,CG,HLFA_W1_02,E19,A.Conservative,MassSpec,Off,0.18,5,,,729.931,761.494,,
10024146, ,TC,HLFA_W1_03,E19,A.Conservative,MassSpec,Off,-0.02,5,,,744.222,746.42,,
10024146, ,GA,HLFA_W1_10,E19,A.Conservative,MassSpec,Off,-0.45,5,,,841.028,723.107,,
10024146, ,C,HLFA_W1_05,E19,C.Aggressive,MassSpec,Off,-0.23,5,,,822.987,0,,
10024146, ,CA,HLFA_W1_06,E19,A.Conservative,MassSpec,Off,-0.35,5,,,833.44,762.821,,
10024146, ,G,HLFA_W1_07,E19,B.Moderate,MassSpec,Off,-0.25,5,,,752.113,665.909,,
10024146, ,TC,HLFA_W1_08,E19,A.Conservative,MassSpec,Off,-0.02,5,,,694.367,696.125,,
10024146, ,,HLFA_W1_09,E19,D.Low Probability,MassSpec,Off,-0.68,5,,,729.477,0,,
10024146, ,,HLFA_W1_04,E19,N.No-Alleles,MassSpec,Off,-0.28,5,,,637.097,0,,
BB18070008, ,A,HLFA_W1_11,E20,B.Moderate,MassSpec,Off,-0.44,5,,,874.914,876.938,,
BB18070008, ,G,HLFA_W1_12,E20,B.Moderate,MassSpec,Off,-0.49,5,,,803.021,804.79,,
BB18070008, ,,HLFA_W1_01,E20,D.Low Probability,MassSpec,Off,-0.07,5,,,630.72,0,,
BB18070008, ,CG,HLFA_W1_02,E20,B.Moderate,MassSpec,Off,-0.28,5,,,706.434,694.734,,
BB18070008, ,TC,HLFA_W1_03,E20,A.Conservative,MassSpec,Off,-0.16,5,,,713.209,715.315,,
BB18070008, ,,HLFA_W1_04,E20,N.No-Alleles,MassSpec,Off,-0.37,5,,,0,0,,
BB18070008, ,,HLFA_W1_05,E20,D.Low Probability,MassSpec,Off,-0.38,5,,,568.23,651.332,,
BB18070008, ,CA,HLFA_W1_06,E20,B.Moderate,MassSpec,Off,-0.31,5,,,759.425,853.358,,
BB18070008, ,,HLFA_W1_07,E20,D.Low Probability,MassSpec,Off,-0.26,5,,,694.796,0,,
BB18070008, ,T,HLFA_W1_08,E20,A.Conservative,MassSpec,Off,-0.26,5,,,777.321,779.29,,
BB18070008, ,,HLFA_W1_09,E20,D.Low Probability,MassSpec,Off,-0.19,5,,,639.88,0,,
BB18070008, ,G,HLFA_W1_10,E20,B.Moderate,MassSpec,Off,-0.14,5,,,793.407,0,,
10021888, ,T,HLFA_W1_03,E21,A.Conservative,MassSpec,Off,0.03,5,,,819.285,821.705,,
10021888, ,A,HLFA_W1_12,E21,A.Conservative,MassSpec,Off,0.02,5,,,864.19,866.094,,
10021888, ,,HLFA_W1_04,E21,N.No-Alleles,MassSpec,Off,0,5,,,637.097,440.801,,
10021888, ,C,HLFA_W1_05,E21,A.Conservative,MassSpec,Off,0.01,5,,,818.558,0,,
10021888, ,G,HLFA_W1_09,E21,A.Conservative,MassSpec,Off,-0.14,5,,,819.584,0,,
10021888, ,C,HLFA_W1_02,E21,A.Conservative,MassSpec,Off,0,5,,,815.203,728.378,,
10021888, ,G,HLFA_W1_10,E21,A.Conservative,MassSpec,Off,-0.12,5,,,832.18,0,,
10021888, ,A,HLFA_W1_01,E21,A.Conservative,MassSpec,Off,0.28,5,,,787.601,790.217,,
10021888, ,G,HLFA_W1_07,E21,A.Conservative,MassSpec,Off,-0.02,5,,,821.518,0,,
10021888, ,C,HLFA_W1_06,E21,A.Conservative,MassSpec,Off,0.14,5,,,783.055,712.978,,
10021888, ,AG,HLFA_W1_11,E21,C.Aggressive,MassSpec,Off,0.03,5,,,817.656,819.548,,
10021888, ,TC,HLFA_W1_08,E21,A.Conservative,MassSpec,Off,-0.27,5,,,759.877,761.801,,
BB18080040, ,TC,HLFA_W1_03,E22,A.Conservative,MassSpec,Off,-0.19,5,,,746.409,748.614,,
BB18080040, ,CG,HLFA_W1_02,E22,A.Conservative,MassSpec,Off,-0.22,5,,,722.75,780.318,,
BB18080040, ,AG,HLFA_W1_01,E22,A.Conservative,MassSpec,Off,-0.09,5,,,708.665,711.018,,
BB18080040, ,G,HLFA_W1_12,E22,B.Moderate,MassSpec,Off,-0.02,5,,,807.265,809.043,,
BB18080040, ,A,HLFA_W1_11,E22,A.Conservative,MassSpec,Off,0.26,5,,,867.387,869.393,,
BB18080040, ,G,HLFA_W1_10,E22,A.Conservative,MassSpec,Off,0.11,5,,,831.018,0,,
BB18080040, ,GA,HLFA_W1_09,E22,B.Moderate,MassSpec,Off,0.24,5,,,754.361,810.864,,
BB18080040, ,C,HLFA_W1_08,E22,B.Moderate,MassSpec,Off,-0.25,5,,,748.086,749.981,,
BB18080040, ,G,HLFA_W1_07,E22,A.Conservative,MassSpec,Off,0.13,5,,,832.71,743.31,,
BB18080040, ,CA,HLFA_W1_06,E22,A.Conservative,MassSpec,Off,0.01,5,,,757.519,768.629,,
BB18080040, ,CG,HLFA_W1_05,E22,A.Conservative,MassSpec,Off,-0.64,5,,,701.282,814.88,,
BB18080040, ,,HLFA_W1_04,E22,N.No-Alleles,MassSpec,Off,0,5,,,637.097,0,,
10024463, ,CA,HLFA_W1_06,E23,A.Conservative,MassSpec,Off,0.07,5,,,742.106,678.489,,
10024463, ,,HLFA_W1_04,E23,N.No-Alleles,MassSpec,Off,0,5,,,637.097,865.272,,
10024463, ,TC,HLFA_W1_03,E23,A.Conservative,MassSpec,Off,-0.11,5,,,716.285,718.401,,
10024463, ,C,HLFA_W1_05,E23,A.Conservative,MassSpec,Off,-0.12,5,,,757.017,0,,
10024463, ,G,HLFA_W1_10,E23,A.Conservative,MassSpec,Off,-0.1,5,,,800.973,693.998,,
10024463, ,A,HLFA_W1_11,E23,A.Conservative,MassSpec,Off,-0.1,5,,,817.905,819.797,,
10024463, ,G,HLFA_W1_09,E23,A.Conservative,MassSpec,Off,-0.31,5,,,776.468,687.62,,
10024463, ,A,HLFA_W1_01,E23,A.Conservative,MassSpec,Off,0.04,5,,,752.988,755.489,,
10024463, ,TC,HLFA_W1_08,E23,A.Conservative,MassSpec,Off,-0.11,5,,,659.295,660.964,,
10024463, ,G,HLFA_W1_12,E23,B.Moderate,MassSpec,Off,-0.41,5,,,774.664,776.371,,
10024463, ,A,HLFA_W1_07,E23,A.Conservative,MassSpec,Off,-0.29,5,,,0,748.725,,
10024463, ,CG,HLFA_W1_02,E23,A.Conservative,MassSpec,Off,-0.06,5,,,780.866,805.166,,
BB18080048, ,TC,HLFA_W1_03,E24,A.Conservative,MassSpec,Off,0.22,5,,,799.299,801.66,,
BB18080048, ,A,HLFA_W1_11,E24,C.Aggressive,MassSpec,Off,0.22,5,,,922.272,924.405,,
BB18080048, ,AG,HLFA_W1_01,E24,B.Moderate,MassSpec,Off,0.52,5,,,752.632,755.132,,
BB18080048, ,TC,HLFA_W1_08,E24,A.Conservative,MassSpec,Off,-0.51,5,,,821.779,823.86,,
BB18080048, ,CG,HLFA_W1_02,E24,A.Conservative,MassSpec,Off,0.31,5,,,874.083,826.787,,
BB18080048, ,CA,HLFA_W1_06,E24,C.Aggressive,MassSpec,Off,0.9,5,,,651.975,809.853,,
BB18080048, ,CG,HLFA_W1_05,E24,D.Low Probability,MassSpec,Off,-1.38,5,,,960.751,590.533,,
BB18080048, ,G,HLFA_W1_07,E24,A.Conservative,MassSpec,Off,0.01,5,,,960.783,0,,
BB18080048, ,G,HLFA_W1_09,E24,A.Conservative,MassSpec,Off,0.07,5,,,921.109,0,,
BB18080048, ,A,HLFA_W1_12,E24,A.Conservative,MassSpec,Off,-0.28,5,,,918.974,0,,
BB18080048, ,,HLFA_W1_04,E24,N.No-Alleles,MassSpec,Off,0,5,,,0,639.203,,
BB18080048, ,G,HLFA_W1_10,E24,A.Conservative,MassSpec,Off,-0.38,5,,,851.607,0,,
BB18080055, ,AG,HLFA_W1_11,F19,A.Conservative,MassSpec,Off,0.5,5,,,743.568,745.288,,
BB18080055, ,CA,HLFA_W1_06,F19,A.Conservative,MassSpec,Off,-0.32,5,,,726.681,771.094,,
BB18080055, ,CG,HLFA_W1_05,F19,D.Low Probability,MassSpec,Off,-0.08,5,,,669.86,696.491,,
BB18080055, ,G,HLFA_W1_10,F19,A.Conservative,MassSpec,Off,0.06,5,,,777.003,0,,
BB18080055, ,G,HLFA_W1_07,F19,D.Low Probability,MassSpec,Off,0.07,5,,,773.882,736.599,,
BB18080055, ,,HLFA_W1_04,F19,N.No-Alleles,MassSpec,Off,0.14,5,,,454.761,0,,
BB18080055, ,G,HLFA_W1_09,F19,D.Low Probability,MassSpec,Off,-0.01,5,,,701.191,0,,
BB18080055, ,AG,HLFA_W1_12,F19,A.Conservative,MassSpec,Off,0.49,5,,,700.525,702.069,,
BB18080055, ,TC,HLFA_W1_03,F19,A.Conservative,MassSpec,Off,-0.05,5,,,693.02,695.067,,
BB18080055, ,C,HLFA_W1_08,F19,A.Conservative,MassSpec,Off,0.09,5,,,707.959,709.752,,
BB18080055, ,AG,HLFA_W1_01,F19,D.Low Probability,MassSpec,Off,-0.06,5,,,594.897,596.873,,
BB18080055, ,CG,HLFA_W1_02,F19,A.Conservative,MassSpec,Off,-0.44,5,,,685.704,696.291,,
yin1, ,C,HLFA_W1_06,F20,C.Aggressive,MassSpec,Off,0.13,5,,,767.73,1001.94,,
yin1, ,,HLFA_W1_05,F20,D.Low Probability,MassSpec,Off,0.01,5,,,483.734,649.378,,
yin1, ,,HLFA_W1_04,F20,N.No-Alleles,MassSpec,Off,-0.46,5,,,637.097,0,,
yin1, ,,HLFA_W1_03,F20,D.Low Probability,MassSpec,Off,-0.26,5,,,0,915.566,,
yin1, ,,HLFA_W1_02,F20,D.Low Probability,MassSpec,Off,-0.23,5,,,0,850.283,,
yin1, ,,HLFA_W1_01,F20,N.No-Alleles,MassSpec,Off,-0.21,5,,,949.595,0,,
yin1, ,,HLFA_W1_12,F20,D.Low Probability,MassSpec,Off,0.09,5,,,824.951,826.769,,
yin1, ,A,HLFA_W1_11,F20,B.Moderate,MassSpec,Off,0.15,5,,,822.434,824.337,,
yin1, ,G,HLFA_W1_10,F20,B.Moderate,MassSpec,Off,-0.02,5,,,761.211,0,,
yin1, ,,HLFA_W1_09,F20,N.No-Alleles,MassSpec,Off,0.13,5,,,0,0,,
yin1, ,TC,HLFA_W1_08,F20,A.Conservative,MassSpec,Off,0.08,5,,,732.067,733.921,,
yin1, ,,HLFA_W1_07,F20,D.Low Probability,MassSpec,Off,0.13,5,,,711.738,719.526,,
yin2, ,G,HLFA_W1_09,F21,A.Conservative,MassSpec,Off,-0.29,5,,,696.111,0,,
yin2, ,,HLFA_W1_12,F21,D.Low Probability,MassSpec,Off,0.06,5,,,733.401,735.017,,
yin2, ,,HLFA_W1_03,F21,D.Low Probability,MassSpec,Off,-0.12,5,,,840.7,843.184,,
yin2, ,G,HLFA_W1_10,F21,A.Conservative,MassSpec,Off,-0.18,5,,,727.943,0,,
yin2, ,,HLFA_W1_01,F21,D.Low Probability,MassSpec,Off,-0.2,5,,,616.175,0,,
yin2, ,CA,HLFA_W1_06,F21,A.Conservative,MassSpec,Off,-0.44,5,,,730.541,688.676,,
yin2, ,A,HLFA_W1_11,F21,A.Conservative,MassSpec,Off,-0.09,5,,,779.304,781.107,,
yin2, ,TC,HLFA_W1_08,F21,B.Moderate,MassSpec,Off,-0.53,5,,,615.23,616.788,,
yin2, ,C,HLFA_W1_05,F21,A.Conservative,MassSpec,Off,-0.03,5,,,704.596,0,,
yin2, ,G,HLFA_W1_02,F21,A.Conservative,MassSpec,Off,-0.07,5,,,0,743.377,,
yin2, ,G,HLFA_W1_07,F21,B.Moderate,MassSpec,Off,0.58,5,,,804.118,943.044,,
yin2, ,,HLFA_W1_04,F21,N.No-Alleles,MassSpec,Off,0,5,,,637.097,639.203,,
yin3, ,,HLFA_W1_01,F22,D.Low Probability,MassSpec,Off,0.25,5,,,623.163,625.233,,
yin3, ,G,HLFA_W1_02,F22,A.Conservative,MassSpec,Off,0.08,5,,,0,737.563,,
yin3, ,,HLFA_W1_03,F22,D.Low Probability,MassSpec,Off,-0.05,5,,,771.918,774.198,,
yin3, ,,HLFA_W1_04,F22,N.No-Alleles,MassSpec,Off,0,5,,,637.097,0,,
yin3, ,C,HLFA_W1_05,F22,A.Conservative,MassSpec,Off,-0.34,5,,,790.639,0,,
yin3, ,C,HLFA_W1_06,F22,A.Conservative,MassSpec,Off,-0.14,5,,,740.148,779.701,,
yin3, ,G,HLFA_W1_07,F22,B.Moderate,MassSpec,Off,0.04,5,,,734.634,855.545,,
yin3, ,,HLFA_W1_08,F22,D.Low Probability,MassSpec,Off,-0.48,5,,,639.666,641.286,,
yin3, ,,HLFA_W1_09,F22,N.No-Alleles,MassSpec,Off,0.12,5,,,0,0,,
yin3, ,G,HLFA_W1_10,F22,A.Conservative,MassSpec,Off,-0.02,5,,,773.9,0,,
yin3, ,A,HLFA_W1_11,F22,A.Conservative,MassSpec,Off,0.08,5,,,795.026,796.865,,
yin3, ,G,HLFA_W1_12,F22,B.Moderate,MassSpec,Off,-0.21,5,,,769.29,770.985,,
yin4, ,,HLFA_W1_01,F23,D.Low Probability,MassSpec,Off,0.39,5,,,686.954,689.236,,
yin4, ,A,HLFA_W1_11,F23,A.Conservative,MassSpec,Off,0.1,5,,,828.839,830.756,,
yin4, ,G,HLFA_W1_10,F23,A.Conservative,MassSpec,Off,-0.08,5,,,796.334,693.998,,
yin4, ,G,HLFA_W1_09,F23,C.Aggressive,MassSpec,Off,-0.08,5,,,790.957,762.793,,
yin4, ,TC,HLFA_W1_08,F23,A.Conservative,MassSpec,Off,-0.57,5,,,593.529,595.032,,
yin4, ,G,HLFA_W1_07,F23,A.Conservative,MassSpec,Off,0.01,5,,,782.961,1081.99,,
yin4, ,CA,HLFA_W1_06,F23,C.Aggressive,MassSpec,Off,0.31,5,,,743.483,724.156,,
yin4, ,C,HLFA_W1_05,F23,C.Aggressive,MassSpec,Off,0.19,5,,,748.433,633.865,,
yin4, ,,HLFA_W1_04,F23,N.No-Alleles,MassSpec,Off,0,5,,,637.097,0,,
yin4, ,C,HLFA_W1_03,F23,B.Moderate,MassSpec,Off,0.06,5,,,789.476,791.808,,
yin4, ,G,HLFA_W1_02,F23,A.Conservative,MassSpec,Off,0.09,5,,,1513.55,731.897,,
yin4, ,AG,HLFA_W1_12,F23,B.Moderate,MassSpec,Off,-0.3,5,,,762.496,764.176,,
yin6, ,A,HLFA_W1_11,F24,A.Conservative,MassSpec,Off,0.04,5,,,847.64,849.6,,
yin6, ,,HLFA_W1_06,F24,D.Low Probability,MassSpec,Off,-0.03,5,,,884.081,825.863,,
yin6, ,GA,HLFA_W1_09,F24,A.Conservative,MassSpec,Off,-0.04,5,,,771.964,767.958,,
yin6, ,C,HLFA_W1_05,F24,A.Conservative,MassSpec,Off,0.08,5,,,756.397,0,,
yin6, ,A,HLFA_W1_12,F24,A.Conservative,MassSpec,Off,-0.26,5,,,790.478,792.219,,
yin6, ,,HLFA_W1_01,F24,D.Low Probability,MassSpec,Off,0.42,5,,,737.496,739.945,,
yin6, ,TC,HLFA_W1_08,F24,B.Moderate,MassSpec,Off,-0.83,5,,,573.755,575.208,,
yin6, ,C,HLFA_W1_03,F24,B.Moderate,MassSpec,Off,0.13,5,,,816.63,819.042,,
yin6, ,G,HLFA_W1_10,F24,A.Conservative,MassSpec,Off,-0.13,5,,,808.523,0,,
yin6, ,G,HLFA_W1_02,F24,A.Conservative,MassSpec,Off,0.29,5,,,873.896,767.53,,
yin6, ,G,HLFA_W1_07,F24,A.Conservative,MassSpec,Off,-0.09,5,,,752.723,1832.61,,
yin6, ,,HLFA_W1_04,F24,N.No-Alleles,MassSpec,Off,0,5,,,637.097,0,,
10021527, ,G,HLFA_W2_02,G19,A.Conservative,MassSpec,Off,-0.04,5,,,766.404,1590.47,,
10021527, ,,HLFA_W2_05,G19,D.Low Probability,MassSpec,Off,-0.11,5,,,772.588,702.906,,
10021527, ,GA,HLFA_W2_04,G19,B.Moderate,MassSpec,Off,-0.03,5,,,779.94,703.049,683.546,
10021527, ,T,HLFA_W2_03,G19,A.Conservative,MassSpec,Off,-0.16,5,,,0,730.196,,
10021527, ,,HLFA_W2_06,G19,D.Low Probability,MassSpec,Off,0.42,5,,,706.452,707.707,,
10021527, ,G,HLFA_W2_01,G19,A.Conservative,MassSpec,Off,-0.11,5,,,704.226,706.61,538.89,
10024136, ,A,HLFA_W2_01,G20,A.Conservative,MassSpec,Off,0,5,,,746.388,748.915,587.18,
10024136, ,,HLFA_W2_06,G20,D.Low Probability,MassSpec,Off,-0.06,5,,,789.287,790.688,,
10024136, ,G,HLFA_W2_05,G20,A.Conservative,MassSpec,Off,-0.04,5,,,886.149,0,,
10024136, ,G,HLFA_W2_04,G20,A.Conservative,MassSpec,Off,0.1,5,,,875.298,637.404,704.692,
10024136, ,T,HLFA_W2_03,G20,A.Conservative,MassSpec,Off,-0.33,5,,,0,761.588,,
10024136, ,G,HLFA_W2_02,G20,A.Conservative,MassSpec,Off,0.13,5,,,857.365,1008.14,,
10024110, ,G,HLFA_W2_02,G21,A.Conservative,MassSpec,Off,0.24,5,,,825.126,896.889,,
10024110, ,G,HLFA_W2_04,G21,A.Conservative,MassSpec,Off,0.14,5,,,817.641,440.082,704.692,
10024110, ,TA7,HLFA_W2_06,G21,B.Moderate,MassSpec,Off,-0.56,5,,,743.021,744.341,,
10024110, ,T,HLFA_W2_03,G21,A.Conservative,MassSpec,Off,-0.17,5,,,0,761.849,,
10024110, ,,HLFA_W2_05,G21,D.Low Probability,MassSpec,Off,0.22,5,,,796.444,819.058,,
10024110, ,A,HLFA_W2_01,G21,A.Conservative,MassSpec,Off,0.08,5,,,686.922,689.248,453.871,
10024140, ,G,HLFA_W2_04,G22,A.Conservative,MassSpec,Off,0.05,5,,,769.486,509.651,704.692,
10024140, ,TA7,HLFA_W2_06,G22,B.Moderate,MassSpec,Off,-1.09,5,,,704.519,705.77,,
10024140, ,T,HLFA_W2_03,G22,A.Conservative,MassSpec,Off,-0.51,5,,,0,716.918,,
10024140, ,AG,HLFA_W2_01,G22,A.Conservative,MassSpec,Off,-0.22,5,,,609.348,611.411,615.484,
10024140, ,GT,HLFA_W2_02,G22,A.Conservative,MassSpec,Off,0.12,5,,,772.596,686.744,,
10024140, ,G,HLFA_W2_05,G22,A.Conservative,MassSpec,Off,-0.03,5,,,759.693,657.966,,
10022146, ,AG,HLFA_W2_01,G23,A.Conservative,MassSpec,Off,0.06,5,,,722.111,724.556,0,
10022146, ,GT,HLFA_W2_02,G23,A.Conservative,MassSpec,Off,0.02,5,,,866.584,774.158,,
10022146, ,TA7,HLFA_W2_06,G23,B.Moderate,MassSpec,Off,-0.52,5,,,869.645,871.19,,
10022146, ,G,HLFA_W2_04,G23,A.Conservative,MassSpec,Off,-0.1,5,,,889.556,837.069,704.692,
10022146, ,GT,HLFA_W2_03,G23,A.Conservative,MassSpec,Off,-0.15,5,,,838.197,803.316,,
10022146, ,G,HLFA_W2_05,G23,A.Conservative,MassSpec,Off,0.05,5,,,875.287,657.966,,
BB18080002, ,GA,HLFA_W2_04,G24,A.Conservative,MassSpec,Off,0.43,5,,,897.053,1626.69,814.642,
BB18080002, ,AG,HLFA_W2_01,G24,A.Conservative,MassSpec,Off,0.1,5,,,708.062,710.459,1244.57,
BB18080002, ,G,HLFA_W2_02,G24,A.Conservative,MassSpec,Off,0.3,5,,,838.941,894.997,,
BB18080002, ,GT,HLFA_W2_03,G24,A.Conservative,MassSpec,Off,0.17,5,,,828.541,754.923,,
BB18080002, ,TA7,HLFA_W2_06,G24,B.Moderate,MassSpec,Off,0.17,5,,,825.372,826.838,,
BB18080002, ,G,HLFA_W2_05,G24,A.Conservative,MassSpec,Off,0.32,5,,,892.734,0,,
10024146, ,T,HLFA_W2_02,H19,A.Conservative,MassSpec,Off,0.18,5,,,0,626.897,,
10024146, ,,HLFA_W2_05,H19,D.Low Probability,MassSpec,Off,-0.11,5,,,658.522,550.788,,
10024146, ,G,HLFA_W2_04,H19,B.Moderate,MassSpec,Off,0.39,5,,,672.765,2108.78,704.692,
10024146, ,T,HLFA_W2_03,H19,B.Moderate,MassSpec,Off,-0.48,5,,,0,597.871,,
10024146, ,TA7.TA6,HLFA_W2_06,H19,B.Moderate,MassSpec,Off,-0.18,5,,,575.008,576.029,,
10024146, ,AG,HLFA_W2_01,H19,A.Conservative,MassSpec,Off,-0.9,5,,,530.182,531.977,1309.95,
BB18070008, ,G,HLFA_W2_01,H20,A.Conservative,MassSpec,Off,-0.27,5,,,557.016,558.901,755.911,
BB18070008, ,,HLFA_W2_06,H20,D.Low Probability,MassSpec,Off,0.78,5,,,609.804,610.887,,
BB18070008, ,,HLFA_W2_05,H20,D.Low Probability,MassSpec,Off,0.23,5,,,647.892,639.258,,
BB18070008, ,A,HLFA_W2_04,H20,B.Moderate,MassSpec,Off,0.66,5,,,656.562,703.049,646.552,
BB18070008, ,T,HLFA_W2_03,H20,A.Conservative,MassSpec,Off,-0.01,5,,,0,575.639,,
BB18070008, ,GT,HLFA_W2_02,H20,A.Conservative,MassSpec,Off,0.16,5,,,654.51,608.171,,
10021888, ,T,HLFA_W2_02,H21,A.Conservative,MassSpec,Off,0.23,5,,,632.504,581.094,,
10021888, ,G,HLFA_W2_04,H21,A.Conservative,MassSpec,Off,0.19,5,,,657.984,914.413,704.692,
10021888, ,TA7,HLFA_W2_06,H21,B.Moderate,MassSpec,Off,-1.02,5,,,625.912,627.024,,
10021888, ,T,HLFA_W2_03,H21,A.Conservative,MassSpec,Off,-0.08,5,,,637.097,572.209,,
10021888, ,G,HLFA_W2_05,H21,A.Conservative,MassSpec,Off,0.18,5,,,642.795,657.966,,
10021888, ,G,HLFA_W2_01,H21,A.Conservative,MassSpec,Off,0.26,5,,,482.745,484.379,479.622,
BB18080040, ,GA,HLFA_W2_04,H22,A.Conservative,MassSpec,Off,0.22,5,,,662.503,790.641,648.732,
BB18080040, ,TA7,HLFA_W2_06,H22,B.Moderate,MassSpec,Off,-0.36,5,,,588.997,590.043,,
BB18080040, ,T,HLFA_W2_03,H22,A.Conservative,MassSpec,Off,-0.7,5,,,637.097,607.787,,
BB18080040, ,AG,HLFA_W2_01,H22,A.Conservative,MassSpec,Off,-0.51,5,,,535.474,537.287,968.676,
BB18080040, ,G,HLFA_W2_02,H22,A.Conservative,MassSpec,Off,0.08,5,,,653.409,573.076,,
BB18080040, ,G,HLFA_W2_05,H22,A.Conservative,MassSpec,Off,-0.03,5,,,674.041,657.966,,
10024463, ,AG,HLFA_W2_01,H23,A.Conservative,MassSpec,Off,0.38,5,,,618.338,620.431,786.613,
10024463, ,G,HLFA_W2_02,H23,A.Conservative,MassSpec,Off,0.31,5,,,730.657,623.675,,
10024463, ,TA7,HLFA_W2_06,H23,B.Moderate,MassSpec,Off,-0.3,5,,,663.701,664.88,,
10024463, ,A,HLFA_W2_04,H23,A.Conservative,MassSpec,Off,0.2,5,,,1431.51,703.049,726.474,
10024463, ,GT,HLFA_W2_03,H23,A.Conservative,MassSpec,Off,0.01,5,,,680.434,670.297,,
10024463, ,,HLFA_W2_05,H23,D.Low Probability,MassSpec,Off,0.26,5,,,745.084,656.804,,
BB18080048, ,GA,HLFA_W2_04,H24,A.Conservative,MassSpec,Off,0.22,9,,,728.591,700.469,703.229,
BB18080048, ,G,HLFA_W2_01,H24,A.Conservative,MassSpec,Off,-0.64,9,,,669.448,671.714,639.176,
BB18080048, ,G,HLFA_W2_02,H24,B.Moderate,MassSpec,Off,0.01,9,,,802.622,838.042,,
BB18080048, ,T,HLFA_W2_03,H24,A.Conservative,MassSpec,Off,-0.38,9,,,0,729.435,,
BB18080048, ,TA7,HLFA_W2_06,H24,B.Moderate,MassSpec,Off,-0.08,9,,,801.23,802.653,,
BB18080048, ,G,HLFA_W2_05,H24,A.Conservative,MassSpec,Off,-0.1,9,,,851,657.966,,
BB18080055, ,GT,HLFA_W2_02,I19,A.Conservative,MassSpec,Off,-0.12,5,,,864.162,794.791,,
BB18080055, ,G,HLFA_W2_05,I19,A.Conservative,MassSpec,Off,-0.04,5,,,885.139,0,,
BB18080055, ,GA,HLFA_W2_04,I19,A.Conservative,MassSpec,Off,-0.13,5,,,845.427,703.049,789.546,
BB18080055, ,T,HLFA_W2_03,I19,A.Conservative,MassSpec,Off,-0.12,5,,,0,796.311,,
BB18080055, ,TA7.TA6,HLFA_W2_06,I19,D.Low Probability,MassSpec,Off,-0.71,5,,,840.355,841.848,,
BB18080055, ,AG,HLFA_W2_01,I19,A.Conservative,MassSpec,Off,0.16,5,,,689.259,691.593,765.331,
yin1, ,G,HLFA_W2_01,I20,B.Moderate,MassSpec,Off,-0.24,5,,,699.612,701.981,1588.31,
yin1, ,TA7.TA6,HLFA_W2_06,I20,C.Aggressive,MassSpec,Off,-0.88,5,,,764.452,765.809,,
yin1, ,G,HLFA_W2_05,I20,A.Conservative,MassSpec,Off,-0.09,5,,,838.584,1553.81,,
yin1, ,G,HLFA_W2_04,I20,B.Moderate,MassSpec,Off,-0.11,5,,,899.2,447.517,689.185,
yin1, ,T,HLFA_W2_03,I20,A.Conservative,MassSpec,Off,-0.11,5,,,0,730.16,,
yin1, ,T,HLFA_W2_02,I20,A.Conservative,MassSpec,Off,0.14,5,,,0,756.002,,
yin2, ,T,HLFA_W2_02,I21,A.Conservative,MassSpec,Off,0.04,5,,,632.504,771.641,,
yin2, ,GA,HLFA_W2_04,I21,C.Aggressive,MassSpec,Off,0.4,5,,,870.026,533.777,798.623,
yin2, ,TA7,HLFA_W2_06,I21,B.Moderate,MassSpec,Off,0.42,5,,,797.595,799.012,,
yin2, ,T,HLFA_W2_03,I21,A.Conservative,MassSpec,Off,-0.15,5,,,0,694.562,,
yin2, ,,HLFA_W2_05,I21,D.Low Probability,MassSpec,Off,0.1,5,,,797.914,756.004,,
yin2, ,G,HLFA_W2_01,I21,A.Conservative,MassSpec,Off,-0.13,5,,,738.22,740.719,0,
yin3, ,,HLFA_W2_04,I22,D.Low Probability,MassSpec,Off,-0.07,5,,,874.902,577.564,692.396,
yin3, ,TA7,HLFA_W2_06,I22,B.Moderate,MassSpec,Off,-0.67,5,,,791.736,793.142,,
yin3, ,T,HLFA_W2_03,I22,A.Conservative,MassSpec,Off,-0.23,5,,,637.097,741.215,,
yin3, ,AG,HLFA_W2_01,I22,B.Moderate,MassSpec,Off,0.03,5,,,634.696,636.844,1200.75,
yin3, ,T,HLFA_W2_02,I22,A.Conservative,MassSpec,Off,0.05,5,,,0,784.008,,
yin3, ,G,HLFA_W2_05,I22,A.Conservative,MassSpec,Off,0.06,5,,,845.155,3326.43,,
yin4, ,AG,HLFA_W2_01,I23,B.Moderate,MassSpec,Off,0.17,5,,,769.254,771.858,374.337,
yin4, ,T,HLFA_W2_02,I23,A.Conservative,MassSpec,Off,-0.13,5,,,0,793.36,,
yin4, ,TA7,HLFA_W2_06,I23,B.Moderate,MassSpec,Off,-0.16,5,,,886.131,887.705,,
yin4, ,GA,HLFA_W2_04,I23,C.Aggressive,MassSpec,Off,-0.11,5,,,876.196,992.541,805.366,
yin4, ,T,HLFA_W2_03,I23,A.Conservative,MassSpec,Off,-0.13,5,,,436.098,787.865,,
yin4, ,G,HLFA_W2_05,I23,B.Moderate,MassSpec,Off,-0.04,5,,,932.364,770.621,,
yin6, ,GA,HLFA_W2_04,I24,C.Aggressive,MassSpec,Off,-0.03,5,,,971.917,882.387,838.425,
yin6, ,,HLFA_W2_01,I24,D.Low Probability,MassSpec,Off,-0.13,5,,,822.307,825.091,639.047,
yin6, ,T,HLFA_W2_02,I24,A.Conservative,MassSpec,Off,-0.19,5,,,0,777.836,,
yin6, ,T,HLFA_W2_03,I24,A.Conservative,MassSpec,Off,-0.3,5,,,1081.92,819.768,,
yin6, ,TA7,HLFA_W2_06,I24,B.Moderate,MassSpec,Off,-0.24,5,,,869.01,870.554,,
yin6, ,G,HLFA_W2_05,I24,A.Conservative,MassSpec,Off,-0.25,5,,,914.149,0,,
BB18080054, ,GA,HL-W1-001,J19,A.Conservative,MassSpec,Off,0.18,5,,,667.238,613.774,,
BB18080054, ,CT,HL-W1-023,J19,A.Conservative,MassSpec,Off,-0.75,5,,,676.341,624.507,,
BB18080054, ,T,HL-W1-003,J19,A.Conservative,MassSpec,Off,-0.09,5,,,741.883,621.4,,
BB18080054, ,C,HL-W1-004,J19,A.Conservative,MassSpec,Off,0,5,,,673.665,675.663,,
BB18080054, ,G,HL-W1-005,J19,A.Conservative,MassSpec,Off,0.09,5,,,0,706.785,,
BB18080054, ,A,HL-W1-006,J19,A.Conservative,MassSpec,Off,-0.29,5,,,640.158,692.429,,
BB18080054, ,T,HL-W1-007,J19,A.Conservative,MassSpec,Off,-0.11,5,,,709.385,650.743,,
BB18080054, ,CT,HL-W1-008,J19,A.Conservative,MassSpec,Off,-0.05,5,,,717.831,821.437,,
BB18080054, ,G,HL-W1-009,J19,A.Conservative,MassSpec,Off,-0.21,5,,,811.461,813.498,,
BB18080054, ,AG,HL-W1-010,J19,C.Aggressive,MassSpec,Off,0.14,5,,,728.508,730.323,,
BB18080054, ,DEL,HL-W1-011,J19,A.Conservative,MassSpec,Off,-0.06,5,,,0,734.486,,
BB18080054, ,GA,HL-W1-012,J19,A.Conservative,MassSpec,Off,-0.24,5,,,796.335,799.136,833.686,
BB18080054, ,A,HL-W1-013,J19,A.Conservative,MassSpec,Off,-0.17,5,,,794.972,796.789,,
BB18080054, ,TC,HL-W1-014,J19,A.Conservative,MassSpec,Off,-0.14,5,,,682.136,683.683,,
BB18080054, ,GT,HL-W1-015,J19,A.Conservative,MassSpec,Off,0.03,5,,,803.238,805.92,,
BB18080054, ,AG,HL-W1-016,J19,A.Conservative,MassSpec,Off,-0.24,5,,,701.517,703.033,,
BB18080054, ,C,HL-W1-017,J19,A.Conservative,MassSpec,Off,0,5,,,749.916,0,,
BB18080054, ,CA,HL-W1-018,J19,A.Conservative,MassSpec,Off,-0.3,5,,,728.144,730.402,,
BB18080054, ,A,HL-W1-019,J19,A.Conservative,MassSpec,Off,-0.31,5,,,0,0,717.991,
BB18080054, ,G,HL-W1-020,J19,A.Conservative,MassSpec,Off,-0.31,5,,,0,686.965,,
BB18080054, ,G,HL-W1-021,J19,A.Conservative,MassSpec,Off,-0.32,5,,,702.851,1319.17,,
BB18080054, ,AG,HL-W1-022,J19,A.Conservative,MassSpec,Off,0.04,5,,,684.207,685.483,,
BB18080054, ,A,HL-W1-002,J19,B.Moderate,MassSpec,Off,-0.07,5,,,659.773,661.853,,
BB18080054, ,AG,HL-W2-013,J20,A.Conservative,MassSpec,Off,-0.09,5,,,687.736,689.448,,
BB18080054, ,GC,HL-W2-015,J20,A.Conservative,MassSpec,Off,0.13,5,,,757.737,796.295,,
BB18080054, ,A,HL-W2-012,J20,A.Conservative,MassSpec,Off,-0.46,5,,,674.189,694.333,,
BB18080054, ,G,HL-W2-019,J20,A.Conservative,MassSpec,Off,-0.13,5,,,0,802.909,,
BB18080054, ,GA,HL-W2-011,J20,A.Conservative,MassSpec,Off,-0.01,5,,,732.259,783.291,,
BB18080054, ,T,HL-W2-024,J20,A.Conservative,MassSpec,Off,0.03,5,,,1261.94,687.82,,
BB18080054, ,GA,HL-W2-010,J20,A.Conservative,MassSpec,Off,-0.39,5,,,782.979,699.319,,
BB18080054, ,C,HL-W2-016,J20,B.Moderate,MassSpec,Off,-0.07,5,,,839.292,521.36,,
BB18080054, ,GA,HL-W2-009,J20,A.Conservative,MassSpec,Off,-0.08,5,,,586.735,801.158,,
BB18080054, ,T,HL-W2-023,J20,A.Conservative,MassSpec,Off,-0.38,5,,,464.726,781.53,,
BB18080054, ,T,HL-W2-008,J20,A.Conservative,MassSpec,Off,-0.2,5,,,0,684.427,,
BB18080054, ,G,HL-W2-018,J20,A.Conservative,MassSpec,Off,-0.11,5,,,822.216,824.07,,
BB18080054, ,T,HL-W2-007,J20,A.Conservative,MassSpec,Off,0.03,5,,,0,749.641,,
BB18080054, ,GT,HL-W2-022,J20,A.Conservative,MassSpec,Off,-0.14,5,,,747.749,750.1,,
BB18080054, ,C,HL-W2-006,J20,A.Conservative,MassSpec,Off,-0.17,5,,,778.638,780.909,,
BB18080054, ,AG,HL-W2-014,J20,A.Conservative,MassSpec,Off,-0.27,5,,,717.725,719.479,,
BB18080054, ,A,HL-W2-005,J20,A.Conservative,MassSpec,Off,-0.23,5,,,762.729,765.002,,
BB18080054, ,T,HL-W2-021,J20,A.Conservative,MassSpec,Off,-0.1,5,,,834.239,836.06,,
BB18080054, ,GA,HL-W2-004,J20,A.Conservative,MassSpec,Off,-0.25,5,,,684.493,624.391,,
BB18080054, ,C,HL-W2-017,J20,A.Conservative,MassSpec,Off,0.11,5,,,825.466,0,,
BB18080054, ,A,HL-W2-003,J20,B.Moderate,MassSpec,Off,-0.17,5,,,717.044,719.304,,
BB18080054, ,G,HL-W2-020,J20,A.Conservative,MassSpec,Off,-0.23,5,,,836.902,838.745,,
BB18080054, ,C,HL-W2-002,J20,A.Conservative,MassSpec,Off,-0.33,5,,,634.143,636.229,,
BB18080054, ,T,HL-W2-001,J20,A.Conservative,MassSpec,Off,-0.31,5,,,716.899,719.317,,
10025525, ,G,HL-W2-013,J21,E.User Call,charles,Off,0.19,5,,,550.307,551.676,,
10025525, ,A,HL-W2-012,J21,A.Conservative,MassSpec,Off,-0.39,5,,,0,736.915,,
10025525, ,GA,HL-W2-011,J21,B.Moderate,MassSpec,Off,0.29,5,,,805.172,777.167,,
10025525, ,GA,HL-W2-010,J21,A.Conservative,MassSpec,Off,-0.34,5,,,778.092,682.673,,
10025525, ,A,HL-W2-009,J21,A.Conservative,MassSpec,Off,-0.15,5,,,647.195,775.425,,
10025525, ,CT,HL-W2-008,J21,A.Conservative,MassSpec,Off,-0.27,5,,,803.884,731.025,,
10025525, ,GT,HL-W2-007,J21,A.Conservative,MassSpec,Off,-0.46,5,,,749.5,792.279,,
10025525, ,C,HL-W2-006,J21,B.Moderate,MassSpec,Off,-0.2,5,,,687.162,689.166,,
10025525, ,A,HL-W2-005,J21,A.Conservative,MassSpec,Off,-0.12,5,,,727.632,729.8,,
10025525, ,GA,HL-W2-004,J21,A.Conservative,MassSpec,Off,-0.32,5,,,628.578,680.682,,
10025525, ,A,HL-W2-003,J21,A.Conservative,MassSpec,Off,-0.32,5,,,668.024,670.13,,
10025525, ,TC,HL-W2-002,J21,A.Conservative,MassSpec,Off,-0.35,5,,,578.105,580.007,,
10025525, ,C,HL-W2-001,J21,A.Conservative,MassSpec,Off,-0.3,5,,,611.012,613.072,,
10025525, ,GT,HL-W2-024,J21,C.Aggressive,MassSpec,Off,0.28,5,,,699.115,750.481,,
10025525, ,C,HL-W2-023,J21,A.Conservative,MassSpec,Off,-0.11,5,,,695.972,0,,
10025525, ,GT,HL-W2-022,J21,A.Conservative,MassSpec,Off,0.02,5,,,691.794,693.969,,
10025525, ,,HL-W2-021,J21,N.No-Alleles,MassSpec,Off,0.07,5,,,0,0,,
10025525, ,G,HL-W2-020,J21,A.Conservative,MassSpec,Off,0.12,5,,,729.605,731.212,,
10025525, ,C,HL-W2-019,J21,E.User Call,charles,Off,-0.01,5,,,844.326,0,,
10025525, ,G,HL-W2-018,J21,A.Conservative,MassSpec,Off,0.14,5,,,770.672,772.409,,
10025525, ,C,HL-W2-017,J21,A.Conservative,MassSpec,Off,-0.2,5,,,812.639,0,,
10025525, ,C,HL-W2-016,J21,A.Conservative,MassSpec,Off,-0.55,5,,,795.989,691.766,,
10025525, ,G,HL-W2-014,J21,A.Conservative,MassSpec,Off,-0.03,5,,,805.75,807.719,,
10025525, ,C,HL-W2-015,J21,A.Conservative,MassSpec,Off,-0.02,5,,,0,792.016,,
10025848, ,C,HL-W2-015,J22,A.Conservative,MassSpec,Off,-0.18,5,,,0,729.746,,
10025848, ,CA,HL-W2-016,J22,A.Conservative,MassSpec,Off,-0.74,5,,,801.892,722.863,,
10025848, ,C,HL-W2-017,J22,A.Conservative,MassSpec,Off,0.07,5,,,756.43,759.047,,
10025848, ,G,HL-W2-018,J22,A.Conservative,MassSpec,Off,0.01,5,,,763.127,764.848,,
10025848, ,G,HL-W2-019,J22,A.Conservative,MassSpec,Off,-0.05,5,,,0,829.055,,
10025848, ,G,HL-W2-020,J22,A.Conservative,MassSpec,Off,-0.15,5,,,792.532,794.277,,
10025848, ,T,HL-W2-021,J22,A.Conservative,MassSpec,Off,-0.08,5,,,729.559,731.151,,
10025848, ,T,HL-W2-022,J22,A.Conservative,MassSpec,Off,0.51,5,,,727.499,729.786,,
10025848, ,C,HL-W2-023,J22,A.Conservative,MassSpec,Off,-0.07,5,,,745.412,0,,
10025848, ,T,HL-W2-024,J22,A.Conservative,MassSpec,Off,-0.03,5,,,1037.29,745.641,,
10025848, ,C,HL-W2-001,J22,B.Moderate,MassSpec,Off,-0.12,5,,,693.086,695.423,,
10025848, ,C,HL-W2-002,J22,B.Moderate,MassSpec,Off,-0.27,5,,,733.831,736.245,,
10025848, ,A,HL-W2-003,J22,A.Conservative,MassSpec,Off,-0.19,5,,,712.656,714.902,,
10025848, ,GA,HL-W2-004,J22,A.Conservative,MassSpec,Off,0.11,5,,,717.031,670.563,,
10025848, ,AG,HL-W2-005,J22,A.Conservative,MassSpec,Off,-0.14,5,,,701.148,703.238,,
10025848, ,C,HL-W2-006,J22,B.Moderate,MassSpec,Off,-0.21,5,,,745.338,747.512,,
10025848, ,T,HL-W2-007,J22,A.Conservative,MassSpec,Off,-0.3,5,,,0,746.307,,
10025848, ,CT,HL-W2-008,J22,A.Conservative,MassSpec,Off,-0.18,5,,,814.336,715.238,,
10025848, ,A,HL-W2-009,J22,A.Conservative,MassSpec,Off,-0.48,5,,,0,697.179,,
10025848, ,GA,HL-W2-010,J22,A.Conservative,MassSpec,Off,-0.13,5,,,788.398,740.382,,
10025848, ,A,HL-W2-011,J22,A.Conservative,MassSpec,Off,-0.2,5,,,0,725.076,,
10025848, ,A,HL-W2-012,J22,A.Conservative,MassSpec,Off,-0.36,5,,,0,662.484,,
10025848, ,AG,HL-W2-013,J22,A.Conservative,MassSpec,Off,0.11,5,,,716.584,718.367,,
10025848, ,A,HL-W2-014,J22,A.Conservative,MassSpec,Off,-0.27,5,,,759.701,761.557,,
10024988, ,T,XXGYY_W1_11,J23,A.Conservative,MassSpec,Off,-0.24,5,,,851.274,853.423,,
10024988, ,T,XXGYY_W1_15,J23,A.Conservative,MassSpec,Off,-0.66,5,,,0,0,749.479,
10024988, ,G,XXGYY_W1_09,J23,A.Conservative,MassSpec,Off,-0.27,5,,,819.172,821.321,,
10024988, ,G,XXGYY_W1_08,J23,B.Moderate,MassSpec,Off,-0.22,5,,,824.544,674.196,,
10024988, ,AG,XXGYY_W1_07,J23,E.User Call,charles,Off,-0.13,5,,,698.785,700.722,,
10024988, ,AG,XXGYY_W1_06,J23,E.User Call,charles,Off,-0.12,5,,,796.339,798.62,,
10024988, ,T,XXGYY_W1_05,J23,A.Conservative,MassSpec,Off,-0.26,5,,,0,734.915,,
10024988, ,G,XXGYY_W1_04,J23,A.Conservative,MassSpec,Off,-0.13,5,,,758.116,0,,
10024988, ,C,XXGYY_W1_03,J23,A.Conservative,MassSpec,Off,0.04,5,,,732.167,734.51,,
10024988, ,A,XXGYY_W1_02,J23,A.Conservative,MassSpec,Off,-0.38,5,,,0,642.911,,
10024988, ,C,XXGYY_W1_01,J23,B.Moderate,MassSpec,Off,0.01,5,,,635.861,638.049,,
10024988, ,A,XXGYY-W1-12,J23,E.User Call,charles,Off,-0.25,5,,,882.451,885.498,,
10024988, ,C,XXGYY_W1_20,J23,A.Conservative,MassSpec,Off,-0.44,5,,,735.711,943.411,,
10024988, ,G,XXGYY_W1_19,J23,E.User Call,charles,Off,-0.57,5,,,0,875.761,877.566,
10024988, ,C,XXGYY_W1_18,J23,A.Conservative,MassSpec,Off,-0.42,5,,,810.536,813.201,715.969,
10024988, ,T,XXGYY_W1_17,J23,A.Conservative,MassSpec,Off,-0.52,5,,,0,783.063,,
10024988, ,G,XXGYY_W1_16,J23,A.Conservative,MassSpec,Off,-0.06,5,,,880.928,1813.59,,
10024988, ,C,XXGYY_W1_13,J23,A.Conservative,MassSpec,Off,-0.33,5,,,813.671,815.689,,
10024988, ,TC,XXGYY_W1_14,J23,A.Conservative,MassSpec,Off,-0.34,5,,,765.653,767.517,,
10024988, ,TC,XXGYY_W1_10,J23,A.Conservative,MassSpec,Off,-0.23,5,,,794.311,796.347,,
10024988, ,T,SJXXGYY-W2-13,J24,A.Conservative,MassSpec,Off,-0.26,5,,,694.388,758.895,,
10024988, ,A,SJXXGYY-W2-12,J24,A.Conservative,MassSpec,Off,-0.28,5,,,691.848,801.054,,
10024988, ,AG,SJXXGYY-W2-11,J24,B.Moderate,MassSpec,Off,-0.07,5,,,759.693,761.5,,
10024988, ,T,SJXXGYY-W2-10,J24,A.Conservative,MassSpec,Off,-0.14,5,,,836.01,838.021,,
10024988, ,C,SJXXGYY-W2-09,J24,A.Conservative,MassSpec,Off,0.07,5,,,772.15,678.636,,
10024988, ,CT,SJXXGYY-W2-07,J24,A.Conservative,MassSpec,Off,-0.41,5,,,773.86,729.223,,
10024988, ,GA,SJXXGYY-W2-06,J24,A.Conservative,MassSpec,Off,-0.5,5,,,762.038,729.976,,
10024988, ,C,SJXXGYY-W2-05,J24,A.Conservative,MassSpec,Off,-0.39,5,,,770.647,0,,
10024988, ,A,SJXXGYY-W2-04,J24,A.Conservative,MassSpec,Off,-0.53,5,,,698.49,700.591,0,
10024988, ,AG,SJXXGYY-W2-03,J24,A.Conservative,MassSpec,Off,-0.62,5,,,622.385,624.396,,
10024988, ,A,SJXXGYY-W2-02,J24,A.Conservative,MassSpec,Off,-0.98,5,,,0,588.63,,
10024988, ,T,SJXXGYY-W2-01,J24,A.Conservative,MassSpec,Off,-0.79,5,,,0,634.316,,
10024988, ,T,SJXXGYY-W2-19,J24,A.Conservative,MassSpec,Off,0.14,5,,,793.758,795.234,,
10024988, ,,SJXXGYY-W2-18,J24,N.No-Alleles,MassSpec,Off,-0.43,5,,,0,746.648,,
10024988, ,T,SJXXGYY-W2-17,J24,A.Conservative,MassSpec,Off,-0.25,5,,,0,760.081,,
10024988, ,G,SJXXGYY-W2-14,J24,A.Conservative,MassSpec,Off,0.16,5,,,850.341,0,,
10024988, ,C,SJXXGYY-W2-15,J24,A.Conservative,MassSpec,Off,0.16,5,,,777.523,779.173,,
10024988, ,CA,SJXXGYY-W2-16,J24,B.Moderate,MassSpec,Off,0.48,5,,,795.062,796.699,769.379,
10025631, ,,SJXXGYY-W2-18,K19,N.No-Alleles,MassSpec,Off,-0.44,5,,,0,0,,
10025631, ,,SJXXGYY-W2-19,K19,N.No-Alleles,MassSpec,Off,-0.09,5,,,759.625,0,,
10025631, ,,SJXXGYY-W2-16,K19,N.No-Alleles,MassSpec,Off,0.02,5,,,0,0,0,
10025631, ,,SJXXGYY-W2-15,K19,N.No-Alleles,MassSpec,Off,0.01,5,,,769.271,0,,
10025631, ,,SJXXGYY-W2-14,K19,N.No-Alleles,MassSpec,Off,-0.45,5,,,1512.56,719.317,,
10025631, ,,SJXXGYY-W2-13,K19,N.No-Alleles,MassSpec,Off,-0.32,5,,,0,0,,
10025631, ,,SJXXGYY-W2-12,K19,N.No-Alleles,MassSpec,Off,-0.37,5,,,1443.55,0,,
10025631, ,G,SJXXGYY-W2-11,K19,E.User Call,charles,Off,-0.05,5,,,654.132,655.688,,
10025631, ,T,SJXXGYY-W2-10,K19,A.Conservative,MassSpec,Off,-0.15,5,,,697.628,699.305,,
10025631, ,,SJXXGYY-W2-09,K19,N.No-Alleles,MassSpec,Off,-0.23,5,,,0,879.999,,
10025631, ,,SJXXGYY-W2-07,K19,N.No-Alleles,MassSpec,Off,-0.14,5,,,997.28,656.241,,
10025631, ,,SJXXGYY-W2-06,K19,N.No-Alleles,MassSpec,Off,-0.22,5,,,641.778,0,,
10025631, ,C,SJXXGYY-W2-05,K19,A.Conservative,MassSpec,Off,-0.03,5,,,699.624,624.042,,
10025631, ,,SJXXGYY-W2-04,K19,N.No-Alleles,MassSpec,Off,-0.25,5,,,700.474,702.581,0,
10025631, ,,SJXXGYY-W2-03,K19,N.No-Alleles,MassSpec,Off,0.05,5,,,1103.61,0,,
10025631, ,,SJXXGYY-W2-02,K19,D.Low Probability,MassSpec,Off,-0.12,5,,,0,581.609,,
10025631, ,,SJXXGYY-W2-01,K19,D.Low Probability,MassSpec,Off,-0.06,5,,,646.398,643.744,,
10025631, ,T,SJXXGYY-W2-17,K19,A.Conservative,MassSpec,Off,-0.56,5,,,679.173,681.229,,
10026325, ,A,EL-020,K20,A.Conservative,MassSpec,Off,-0.37,5,,,0,682.519,,
10026325, ,C,EL-019,K20,A.Conservative,MassSpec,Off,-0.09,5,,,790.966,0,,
10026325, ,G,EL-018,K20,A.Conservative,MassSpec,Off,0.01,5,,,740.866,0,,
10026325, ,A,EL-017,K20,E.User Call,charles,Off,-0.13,5,,,1100.42,0,,
10026325, ,A,EL-016,K20,A.Conservative,MassSpec,Off,-0.52,5,,,0,701.111,,
10026325, ,C,EL-015,K20,A.Conservative,MassSpec,Off,-0.1,5,,,766.688,661.485,,
10026325, ,T,EL-014,K20,A.Conservative,MassSpec,Off,0.25,5,,,741.822,0,,
10026325, ,G,EL-013,K20,A.Conservative,MassSpec,Off,0.07,5,,,0,725.38,,
10026325, ,C,EL-012,K20,B.Moderate,MassSpec,Off,-0.22,5,,,736.559,737.911,,
10026325, ,G,EL-011,K20,A.Conservative,MassSpec,Off,-0.09,5,,,733.778,735.998,,
10026325, ,A,EL-010,K20,A.Conservative,MassSpec,Off,-0.13,5,,,728.589,643.493,,
10026325, ,G,EL-009,K20,A.Conservative,MassSpec,Off,-0.3,5,,,717.5,0,,
10026325, ,C,EL-008,K20,A.Conservative,MassSpec,Off,-0.33,5,,,751.724,0,,
10026325, ,G,EL-007,K20,A.Conservative,MassSpec,Off,-0.25,5,,,725.656,0,,
10026325, ,C,EL-006,K20,A.Conservative,MassSpec,Off,-0.17,5,,,697.548,673.192,,
10026325, ,AT,EL-005,K20,A.Conservative,MassSpec,Off,-0.14,5,,,803.31,805.37,,
10026325, ,C,EL-004,K20,A.Conservative,MassSpec,Off,0.11,5,,,0,690.036,,
10026325, ,T,EL-003,K20,A.Conservative,MassSpec,Off,-0.32,5,,,810.481,1416.74,,
10026325, ,G,EL-001,K20,B.Moderate,MassSpec,Off,0.07,5,,,689.576,691.46,,
10026325, ,T,EL-002,K20,A.Conservative,MassSpec,Off,-0.24,5,,,0,707.206,,
10026325, ,C,ETBZ-W1N-01,K21,A.Conservative,MassSpec,Off,0.36,5,,,719.672,722.149,,
10026325, ,A,ETBZ-W1N-26,K21,C.Aggressive,MassSpec,Off,-0.06,5,,,754.527,755.988,,
10026325, ,A,ETBZ-W1N-03,K21,B.Moderate,MassSpec,Off,0.03,5,,,752.206,635.682,,
10026325, ,C,ETBZ-W1N-04,K21,A.Conservative,MassSpec,Off,-0.16,5,,,786.127,0,,
10026325, ,TC,ETBZ-W1N-05,K21,B.Moderate,MassSpec,Off,0.26,5,,,735.256,737.497,,
10026325, ,AG,ETBZ-W1N-06,K21,C.Aggressive,MassSpec,Off,-0.05,5,,,702.613,704.73,,
10026325, ,T,ETBZ-W1N-07,K21,C.Aggressive,MassSpec,Off,-0.29,5,,,807.438,703.807,,
10026325, ,GA,ETBZ-W1N-08,K21,B.Moderate,MassSpec,Off,-0.21,5,,,857.315,821.279,,
10026325, ,C,ETBZ-W1N-09,K21,A.Conservative,MassSpec,Off,-0.25,5,,,893.653,660.598,,
10026325, ,A,ETBZ-W1N-10,K21,A.Conservative,MassSpec,Off,0.05,5,,,734.58,736.589,,
10026325, ,G,ETBZ-W1N-11,K21,A.Conservative,MassSpec,Off,-0.23,5,,,916.093,660.416,,
10026325, ,AG,ETBZ-W1N-12,K21,B.Moderate,MassSpec,Off,-0.05,5,,,697.935,699.778,,
10026325, ,C,ETBZ-W1N-13,K21,A.Conservative,MassSpec,Off,-0.16,5,,,852.755,1141.71,,
10026325, ,G,ETBZ-W1N-14,K21,A.Conservative,MassSpec,Off,-0.13,5,,,887.435,1370.31,408.069,
10026325, ,G,ETBZ-W1N-15,K21,A.Conservative,MassSpec,Off,-0.13,5,,,863.559,701.989,,
10026325, ,T,ETBZ-W1N-16,K21,A.Conservative,MassSpec,Off,-0.27,5,,,786.338,788.233,,
10026325, ,A,ETBZ-W1N-17,K21,A.Conservative,MassSpec,Off,-0.34,5,,,0,763.403,,
10026325, ,AG,ETBZ-W1N-18,K21,E.User Call,charles,Off,-0.4,5,,,779.088,780.917,,
10026325, ,A,ETBZ-W1N-19,K21,A.Conservative,MassSpec,Off,0.03,5,,,576.193,888.946,,
10026325, ,T,ETBZ-W1N-20,K21,C.Aggressive,MassSpec,Off,-0.12,5,,,804.74,806.524,,
10026325, ,GT,ETBZ-W1N-21,K21,A.Conservative,MassSpec,Off,-0.16,5,,,778.968,781.508,,
10026325, ,AG,ETBZ-W1N-22,K21,B.Moderate,MassSpec,Off,-0.33,5,,,777.304,778.946,,
10026325, ,G,ETBZ-W1N-23,K21,A.Conservative,MassSpec,Off,-1.19,5,,,672.855,472.722,,
10026325, ,C,ETBZ-W1N-24,K21,A.Conservative,MassSpec,Off,-0.16,5,,,830.587,737.777,,
10026325, ,GT,ETBZ-W1N-25,K21,A.Conservative,MassSpec,Off,-0.29,5,,,652.088,648.462,,
10026325, ,TC,ETBZ-W1N-02,K21,B.Moderate,MassSpec,Off,-0.04,5,,,630.212,632.335,,
10026325, ,CT,ETBZ2_W2-21,K22,A.Conservative,MassSpec,Off,-0.1,5,,,781.906,715.809,,
10026325, ,C,ETBZ2_W2-22,K22,A.Conservative,MassSpec,Off,-0.24,5,,,828.911,830.679,,
10026325, ,AG,ETBZ2_W2-23,K22,C.Aggressive,MassSpec,Off,-0.39,5,,,754.801,756.399,,
10026325, ,C,ETBZ2_W2-24,K22,A.Conservative,MassSpec,Off,-0.27,5,,,728.199,0,,
10026325, ,C,ETBZ2_W2-25,K22,A.Conservative,MassSpec,Off,-0.41,5,,,783.349,0,,
10026325, ,A,ETBZ2_W2-26,K22,B.Moderate,MassSpec,Off,-0.58,5,,,729.714,731.191,,
10026325, ,GA,ETBZ2_W2-27,K22,B.Moderate,MassSpec,Off,-0.57,5,,,794.93,725.102,,
10026325, ,TC,ETBZ2_W2-28,K22,C.Aggressive,MassSpec,Off,-1.03,5,,,684.216,685.56,,
10026325, ,CT,ETBZ2_W2-31,K22,A.Conservative,MassSpec,Off,-0.52,5,,,754.757,769.405,,
10026325, ,TC,ETBZ2_W2-32,K22,E.User Call,charles,Off,-0.55,5,,,721.403,722.705,,
10026325, ,CA,ETBZ2_W2-01,K22,B.Moderate,MassSpec,Off,0.1,5,,,657.952,669.685,,
10026325, ,GA,ETBZ2_W2-02,K22,A.Conservative,MassSpec,Off,0.15,5,,,667.653,579.802,,
10026325, ,C,ETBZ2_W2-04,K22,A.Conservative,MassSpec,Off,-0.69,5,,,751.108,362.303,,
10026325, ,C,ETBZ2_W2-05,K22,A.Conservative,MassSpec,Off,0.32,5,,,690.768,611.838,,
10026325, ,A,ETBZ2_W2-07,K22,A.Conservative,MassSpec,Off,-0.11,5,,,1296,672.361,,
10026325, ,A,ETBZ2_W2-08,K22,A.Conservative,MassSpec,Off,-0.31,5,,,832.128,834.502,,
10026325, ,A,ETBZ2_W2-10,K22,A.Conservative,MassSpec,Off,-0.14,5,,,0,732.105,,
10026325, ,T,ETBZ2_W2-11,K22,A.Conservative,MassSpec,Off,-0.18,5,,,770.378,772.443,,
10026325, ,G,ETBZ2_W2-12,K22,B.Moderate,MassSpec,Off,-0.31,5,,,726.523,880.605,,
10026325, ,TC,ETBZ2_W2-14,K22,B.Moderate,MassSpec,Off,-0.16,5,,,707.072,708.842,,
10026325, ,T,ETBZ2_W2-15,K22,A.Conservative,MassSpec,Off,-0.23,5,,,835.373,837.41,,
10026325, ,G,ETBZ2_W2-16,K22,E.User Call,charles,Off,-0.24,5,,,794.02,0,,
10026325, ,A,ETBZ2_W2-17,K22,A.Conservative,MassSpec,Off,-0.45,5,,,0,686.918,,
10026325, ,A,ETBZ2_W2-19,K22,C.Aggressive,MassSpec,Off,-0.51,5,,,768.377,770.138,,
10026325, ,GC,ETBZ2_W2-20,K22,A.Conservative,MassSpec,Off,-0.64,5,,,813.008,923.601,,
10026325, ,C,ETBZ2_W3-19,K23,B.Moderate,MassSpec,Off,0.08,5,,,748.273,749.674,,
10026325, ,TC,ETBZ2_W3-01,K23,B.Moderate,MassSpec,Off,-0.28,5,,,722.382,724.818,,
10026325, ,T,ETBZ2_W3-17,K23,A.Conservative,MassSpec,Off,-0.31,5,,,0,757.165,,
10026325, ,T,ETBZ2_W3-16,K23,A.Conservative,MassSpec,Off,-0.18,5,,,797.624,799.314,,
10026325, ,C,ETBZ2_W3-15,K23,A.Conservative,MassSpec,Off,0.28,5,,,813.295,462.294,,
10026325, ,GT,ETBZ2_W3-14,K23,E.User Call,charles,Off,-0.11,5,,,756.862,755.683,,
10026325, ,GA,ETBZ2_W3-13,K23,B.Moderate,MassSpec,Off,-0.46,5,,,902.026,804.431,,
10026325, ,GA,ETBZ2_W3-12,K23,A.Conservative,MassSpec,Off,-0.4,5,,,879.963,737.535,,
10026325, ,T,ETBZ2_W3-11,K23,C.Aggressive,MassSpec,Off,-0.17,5,,,825.069,827.077,,
10026325, ,AG,ETBZ2_W3-10,K23,E.User Call,charles,Off,-0.2,5,,,774.611,776.535,,
10026325, ,C,ETBZ2_W3-09,K23,A.Conservative,MassSpec,Off,-0.46,5,,,786.087,2210.69,,
10026325, ,TC,ETBZ2_W3-08,K23,A.Conservative,MassSpec,Off,-0.02,5,,,734.867,736.812,,
10026325, ,T,ETBZ2_W3-07,K23,A.Conservative,MassSpec,Off,-0.43,5,,,1166.09,716.164,,
10026325, ,A,ETBZ2_W3-06,K23,C.Aggressive,MassSpec,Off,-0.34,5,,,791.916,794.097,0,
10026325, ,C,ETBZ2_W3-05,K23,A.Conservative,MassSpec,Off,-0.39,5,,,811.662,813.93,,
10026325, ,TC,ETBZ2_W3-04,K23,E.User Call,charles,Off,-0.42,5,,,688.793,690.8,,
10026325, ,T,ETBZ2_W3-03,K23,B.Moderate,MassSpec,Off,-0.74,5,,,708.949,614.6,,
10026325, ,C,ETBZ2_W3-02,K23,B.Moderate,MassSpec,Off,-0.54,5,,,743.835,784.532,,
10026325, ,GA,ETBZ2_W3-18,K23,B.Moderate,MassSpec,Off,-0.25,5,,,707.648,709.855,723.835,
yin, ,G,HL-W1-020,K24,A.Conservative,MassSpec,Off,-0.19,5,,,829.883,728.59,,
yin, ,,HL-W1-021,K24,D.Low Probability,MassSpec,Off,-0.13,5,,,723.498,1058.69,,
yin, ,AG,HL-W1-022,K24,A.Conservative,MassSpec,Off,-0.16,5,,,704.641,705.956,,
yin, ,A,HL-W1-019,K24,A.Conservative,MassSpec,Off,-0.47,5,,,0,0,709.703,
yin, ,CA,HL-W1-018,K24,A.Conservative,MassSpec,Off,-0.04,5,,,685.709,687.834,,
yin, ,C,HL-W1-017,K24,A.Conservative,MassSpec,Off,-0.26,5,,,776.129,0,,
yin, ,AG,HL-W1-016,K24,B.Moderate,MassSpec,Off,0.07,5,,,732.246,733.827,,
yin, ,GT,HL-W1-015,K24,C.Aggressive,MassSpec,Off,-0.45,5,,,817.04,819.768,,
yin, ,T,HL-W1-014,K24,B.Moderate,MassSpec,Off,-0.08,5,,,778.492,780.258,,
yin, ,A,HL-W1-013,K24,B.Moderate,MassSpec,Off,-0.2,5,,,804.322,806.161,,
yin, ,GA,HL-W1-012,K24,A.Conservative,MassSpec,Off,-0.15,5,,,896.228,899.381,900.055,
yin, ,,HL-W1-011,K24,D.Low Probability,MassSpec,Off,-0.21,5,,,826.408,749.983,,
yin, ,A,HL-W1-010,K24,C.Aggressive,MassSpec,Off,0.11,5,,,764.545,766.45,,
yin, ,,HL-W1-009,K24,D.Low Probability,MassSpec,Off,-0.11,5,,,782.283,784.247,,
yin, ,CT,HL-W1-008,K24,C.Aggressive,MassSpec,Off,-0.51,5,,,774.576,832.46,,
yin, ,T,HL-W1-007,K24,A.Conservative,MassSpec,Off,-0.09,5,,,799.967,412.713,,
yin, ,,HL-W1-006,K24,D.Low Probability,MassSpec,Off,-0.08,5,,,1020.82,726.609,,
yin, ,G,HL-W1-005,K24,B.Moderate,MassSpec,Off,0.14,5,,,752.744,741.148,,
yin, ,,HL-W1-004,K24,D.Low Probability,MassSpec,Off,-0.04,5,,,725.222,727.373,,
yin, ,T,HL-W1-003,K24,A.Conservative,MassSpec,Off,-0.08,5,,,772.062,0,,
yin, ,CT,HL-W1-023,K24,A.Conservative,MassSpec,Off,-0.97,5,,,671.192,680.023,,
yin, ,GA,HL-W1-001,K24,B.Moderate,MassSpec,Off,0.46,5,,,673.399,666.225,,
yin, ,,HL-W1-002,K24,D.Low Probability,MassSpec,Off,0.17,5,,,640.207,642.226,,
yin, ,GA,HLWA_W1_13,L20,A.Conservative,MassSpec,Off,-0.79,5,,,534.027,433.624,,
yin, ,C,HLWA_W1_14,L20,A.Conservative,MassSpec,Off,0.51,5,,,490.161,491.632,,
yin, ,TC,HLWA_W1_01,L20,B.Moderate,MassSpec,Off,0.53,5,,,440.442,441.918,,
yin, ,,HLWA_W1_02,L20,D.Low Probability,MassSpec,Off,-0.3,5,,,530.722,532.415,0,
yin, ,,HLWA_W1_03,L20,D.Low Probability,MassSpec,Off,0.93,5,,,499.202,500.767,,
yin, ,T,HLWA_W1_04,L20,A.Conservative,MassSpec,Off,-0.48,5,,,0,0,0,499.797
yin, ,C,HLWA_W1_05,L20,A.Conservative,MassSpec,Off,0.16,5,,,591.761,0,,
yin, ,G,HLWA_W1_06,L20,B.Moderate,MassSpec,Off,0.59,5,,,550.069,525.586,,
yin, ,T,HLWA_W1_07,L20,A.Conservative,MassSpec,Off,0.69,5,,,558.793,533.188,,
yin, ,AG,HLWA_W1_08,L20,B.Moderate,MassSpec,Off,0.33,5,,,567.962,569.395,,
yin, ,TC,HLWA_W1_09,L20,A.Conservative,MassSpec,Off,0.72,5,,,549.802,551.153,,
yin, ,,HLWA_W1_10,L20,D.Low Probability,MassSpec,Off,0.5,5,,,572.723,690.158,479.118,
yin, ,A,HLWA_W1_11,L20,A.Conservative,MassSpec,Off,0.58,5,,,542.896,544.152,,
yin, ,C,HLWA_W1_12,L20,A.Conservative,MassSpec,Off,0.21,5,,,524.419,727.045,,
yin, ,A,HLWA_W1_11,L21,A.Conservative,MassSpec,Off,-0.1,5,,,542.076,543.33,,
yin, ,CT,HLWA_W1_04,L21,C.Aggressive,MassSpec,Off,-0.28,5,,,529.771,0,613.787,477.364
yin, ,CG,HLWA_W1_05,L21,B.Moderate,MassSpec,Off,-0.52,5,,,582.558,617.437,,
yin, ,AG,HLWA_W1_03,L21,B.Moderate,MassSpec,Off,0.16,5,,,526.374,528.023,,
yin, ,C,HLWA_W1_14,L21,C.Aggressive,MassSpec,Off,-0.02,5,,,515.014,516.56,,
yin, ,G,HLWA_W1_10,L21,A.Conservative,MassSpec,Off,-0.33,5,,,561.201,654.777,493.706,
yin, ,G,HLWA_W1_06,L21,B.Moderate,MassSpec,Off,0.03,5,,,585.377,541.379,,
yin, ,TC,HLWA_W1_01,L21,A.Conservative,MassSpec,Off,-0.13,5,,,512.993,514.711,,
yin, ,T,HLWA_W1_09,L21,A.Conservative,MassSpec,Off,0.03,5,,,566.219,567.611,,
yin, ,,HLWA_W1_08,L21,N.No-Alleles,MassSpec,Off,-0.12,5,,,727.024,728.859,,
yin, ,,HLWA_W1_13,L21,D.Low Probability,MassSpec,Off,-1.75,5,,,477.227,467.051,,
yin, ,A,HLWA_W1_02,L21,A.Conservative,MassSpec,Off,-0.4,5,,,497.919,0,0,
yin, ,T,HLWA_W1_07,L21,A.Conservative,MassSpec,Off,-0.11,5,,,554.869,734.381,,
yin, ,C,HLWA_W1_12,L21,A.Conservative,MassSpec,Off,-0.17,5,,,532.997,727.045,,
yin, ,,HLWA_W1_04,L22,D.Low Probability,MassSpec,Off,-0.26,5,,,604.645,0,431.32,529.528
yin, ,AG,HLWA_W1_03,L22,A.Conservative,MassSpec,Off,0.29,5,,,580.766,582.586,,
yin, ,G,HLWA_W1_02,L22,B.Moderate,MassSpec,Off,-0.04,5,,,552.429,554.191,604.81,
yin, ,TC,HLWA_W1_01,L22,B.Moderate,MassSpec,Off,-0.07,5,,,537.608,539.408,,
yin, ,C,HLWA_W1_14,L22,A.Conservative,MassSpec,Off,-0.01,5,,,609.499,611.328,,
yin, ,,HLWA_W1_13,L22,D.Low Probability,MassSpec,Off,-0.97,5,,,605.72,539.472,,
yin, ,C,HLWA_W1_12,L22,A.Conservative,MassSpec,Off,0.07,5,,,620.036,727.045,,
yin, ,A,HLWA_W1_11,L22,B.Moderate,MassSpec,Off,0.19,5,,,620.436,621.871,,
yin, ,,HLWA_W1_10,L22,D.Low Probability,MassSpec,Off,0.23,5,,,602.607,0,542.026,
yin, ,TC,HLWA_W1_09,L22,B.Moderate,MassSpec,Off,0.33,5,,,598.198,599.668,,
yin, ,,HLWA_W1_08,L22,D.Low Probability,MassSpec,Off,-0.23,5,,,592.146,593.64,,
yin, ,T,HLWA_W1_07,L22,A.Conservative,MassSpec,Off,0.19,5,,,622.352,0,,
yin, ,G,HLWA_W1_06,L22,B.Moderate,MassSpec,Off,-0.13,5,,,661.214,644.211,,
yin, ,C,HLWA_W1_05,L22,A.Conservative,MassSpec,Off,0.6,5,,,633.904,818.217,,
yin, ,T,HLWA_W1_07,L23,A.Conservative,MassSpec,Off,0.04,5,,,669.359,664.954,,
yin, ,,HLWA_W1_05,L23,D.Low Probability,MassSpec,Off,0.17,5,,,0,1428.45,,
yin, ,G,HLWA_W1_06,L23,B.Moderate,MassSpec,Off,-0.08,5,,,641.125,631.576,,
yin, ,AG,HLWA_W1_03,L23,A.Conservative,MassSpec,Off,0.59,5,,,567.909,569.688,,
yin, ,,HLWA_W1_13,L23,D.Low Probability,MassSpec,Off,-1.17,5,,,562.15,492.974,,
yin, ,A,HLWA_W1_11,L23,B.Moderate,MassSpec,Off,-0.2,5,,,619.607,621.04,,
yin, ,TC,HLWA_W1_01,L23,A.Conservative,MassSpec,Off,0.35,5,,,562.849,564.734,,
yin, ,,HLWA_W1_10,L23,D.Low Probability,MassSpec,Off,-0.3,5,,,654.255,2097.23,498.71,
yin, ,C,HLWA_W1_14,L23,A.Conservative,MassSpec,Off,-0.05,5,,,616.821,618.672,,
yin, ,T,HLWA_W1_09,L23,A.Conservative,MassSpec,Off,0.19,5,,,641.167,642.743,,
yin, ,,HLWA_W1_02,L23,D.Low Probability,MassSpec,Off,0.08,5,,,616.915,618.883,1266.74,
yin, ,AG,HLWA_W1_08,L23,A.Conservative,MassSpec,Off,-0.31,5,,,620.011,621.576,,
yin, ,C,HLWA_W1_12,L23,A.Conservative,MassSpec,Off,-0.66,5,,,564.305,727.045,,
yin, ,CT,HLWA_W1_04,L23,A.Conservative,MassSpec,Off,0.17,5,,,555.553,0,733.789,569.337
yin, ,C,HLWA_W1_12,L24,A.Conservative,MassSpec,Off,0.14,5,,,718.793,0,,
yin, ,,HLWA_W1_10,L24,D.Low Probability,MassSpec,Off,0.03,5,,,721.926,1232.2,704.807,
yin, ,G,HLWA_W1_02,L24,A.Conservative,MassSpec,Off,-0.57,5,,,721.332,723.633,604.81,
yin, ,,HLWA_W1_01,L24,D.Low Probability,MassSpec,Off,-0.09,5,,,719.311,721.72,,
yin, ,CT,HLWA_W1_04,L24,A.Conservative,MassSpec,Off,-0.12,5,,,705.842,0,909.838,654.608
yin, ,TC,HLWA_W1_09,L24,C.Aggressive,MassSpec,Off,0,5,,,729.782,731.577,,
yin, ,T,HLWA_W1_07,L24,A.Conservative,MassSpec,Off,-0.05,5,,,830.684,650.869,,
yin, ,,HLWA_W1_14,L24,N.No-Alleles,MassSpec,Off,0.11,5,,,0,0,,
yin, ,A,HLWA_W1_11,L24,B.Moderate,MassSpec,Off,-0.03,5,,,793.501,795.336,,
yin, ,A,HLWA_W1_08,L24,B.Moderate,MassSpec,Off,-0.23,5,,,740.571,742.44,,
yin, ,AG,HLWA_W1_03,L24,B.Moderate,MassSpec,Off,0.01,5,,,705.613,707.824,,
yin, ,,HLWA_W1_05,L24,N.No-Alleles,MassSpec,Off,-0.23,5,,,0,1100.96,,
yin, ,A,HLWA_W1_13,L24,A.Conservative,MassSpec,Off,-0.04,5,,,0,665.046,,
yin, ,G,HLWA_W1_06,L24,B.Moderate,MassSpec,Off,-0.24,5,,,959.66,732.892,,
yin6, ,,HL-W1-019,M19,I.Bad Spectrum,MassSpec,Off,0,1,,,0,0,0,
yin6, ,,HL-W1-010,M19,I.Bad Spectrum,MassSpec,Off,0,1,,,0,0,,
yin6, ,,HL-W1-011,M19,I.Bad Spectrum,MassSpec,Off,0,1,,,0,0,,
yin6, ,,HL-W1-008,M19,I.Bad Spectrum,MassSpec,Off,0,1,,,0,0,,
yin6, ,,HL-W1-018,M19,I.Bad Spectrum,MassSpec,Off,0,1,,,0,0,,
yin6, ,,HL-W1-007,M19,I.Bad Spectrum,MassSpec,Off,0,1,,,0,0,,
yin6, ,,HL-W1-013,M19,I.Bad Spectrum,MassSpec,Off,0,1,,,0,0,,
yin6, ,,HL-W1-006,M19,I.Bad Spectrum,MassSpec,Off,0,1,,,0,0,,
yin6, ,,HL-W1-017,M19,I.Bad Spectrum,MassSpec,Off,0,1,,,0,0,,
yin6, ,,HL-W1-005,M19,I.Bad Spectrum,MassSpec,Off,0,1,,,0,0,,
yin6, ,,HL-W1-022,M19,I.Bad Spectrum,MassSpec,Off,0,1,,,0,0,,
yin6, ,,HL-W1-004,M19,I.Bad Spectrum,MassSpec,Off,0,1,,,0,0,,
yin6, ,,HL-W1-016,M19,I.Bad Spectrum,MassSpec,Off,0,1,,,0,0,,
yin6, ,,HL-W1-003,M19,I.Bad Spectrum,MassSpec,Off,0,1,,,0,0,,
yin6, ,,HL-W1-012,M19,I.Bad Spectrum,MassSpec,Off,0,1,,,0,0,0,
yin6, ,,HL-W1-002,M19,I.Bad Spectrum,MassSpec,Off,0,1,,,0,0,,
yin6, ,,HL-W1-015,M19,I.Bad Spectrum,MassSpec,Off,0,1,,,0,0,,
yin6, ,,HL-W1-001,M19,I.Bad Spectrum,MassSpec,Off,0,1,,,0,0,,
yin6, ,,HL-W1-023,M19,I.Bad Spectrum,MassSpec,Off,0,1,,,0,0,,
yin6, ,,HL-W1-021,M19,I.Bad Spectrum,MassSpec,Off,0,1,,,0,0,,
yin6, ,,HL-W1-014,M19,I.Bad Spectrum,MassSpec,Off,0,1,,,0,0,,
yin6, ,,HL-W1-020,M19,I.Bad Spectrum,MassSpec,Off,0,1,,,0,0,,
yin6, ,,HL-W1-009,M19,I.Bad Spectrum,MassSpec,Off,0,1,,,0,0,,
yin6, ,,HL-W1-010,M20,I.Bad Spectrum,MassSpec,Off,0,1,,,0,0,,
yin6, ,,HL-W1-009,M20,I.Bad Spectrum,MassSpec,Off,0,1,,,0,0,,
yin6, ,,HL-W1-008,M20,I.Bad Spectrum,MassSpec,Off,0,1,,,0,0,,
yin6, ,,HL-W1-007,M20,I.Bad Spectrum,MassSpec,Off,0,1,,,0,0,,
yin6, ,,HL-W1-006,M20,I.Bad Spectrum,MassSpec,Off,0,1,,,0,0,,
yin6, ,,HL-W1-005,M20,I.Bad Spectrum,MassSpec,Off,0,1,,,0,0,,
yin6, ,,HL-W1-004,M20,I.Bad Spectrum,MassSpec,Off,0,1,,,0,0,,
yin6, ,,HL-W1-003,M20,I.Bad Spectrum,MassSpec,Off,0,1,,,0,0,,
yin6, ,,HL-W1-002,M20,I.Bad Spectrum,MassSpec,Off,0,1,,,0,0,,
yin6, ,,HL-W1-001,M20,I.Bad Spectrum,MassSpec,Off,0,1,,,0,0,,
yin6, ,,HL-W1-021,M20,I.Bad Spectrum,MassSpec,Off,0,1,,,0,0,,
yin6, ,,HL-W1-019,M20,I.Bad Spectrum,MassSpec,Off,0,1,,,0,0,0,
yin6, ,,HL-W1-018,M20,I.Bad Spectrum,MassSpec,Off,0,1,,,0,0,,
yin6, ,,HL-W1-017,M20,I.Bad Spectrum,MassSpec,Off,0,1,,,0,0,,
yin6, ,,HL-W1-016,M20,I.Bad Spectrum,MassSpec,Off,0,1,,,0,0,,
yin6, ,,HL-W1-015,M20,I.Bad Spectrum,MassSpec,Off,0,1,,,0,0,,
yin6, ,,HL-W1-014,M20,I.Bad Spectrum,MassSpec,Off,0,1,,,0,0,,
yin6, ,,HL-W1-013,M20,I.Bad Spectrum,MassSpec,Off,0,1,,,0,0,,
yin6, ,,HL-W1-012,M20,I.Bad Spectrum,MassSpec,Off,0,1,,,0,0,0,
yin6, ,,HL-W1-011,M20,I.Bad Spectrum,MassSpec,Off,0,1,,,0,0,,
yin6, ,,HL-W1-023,M20,I.Bad Spectrum,MassSpec,Off,0,1,,,0,0,,
yin6, ,,HL-W1-022,M20,I.Bad Spectrum,MassSpec,Off,0,1,,,0,0,,
yin6, ,,HL-W1-020,M20,I.Bad Spectrum,MassSpec,Off,0,1,,,0,0,,
yin6, ,,HL-W1-022,M21,I.Bad Spectrum,MassSpec,Off,0,1,,,0,0,,
yin6, ,,HL-W1-023,M21,I.Bad Spectrum,MassSpec,Off,0,1,,,0,0,,
yin6, ,,HL-W1-012,M21,I.Bad Spectrum,MassSpec,Off,0,1,,,0,0,0,
yin6, ,,HL-W1-013,M21,I.Bad Spectrum,MassSpec,Off,0,1,,,0,0,,
yin6, ,,HL-W1-014,M21,I.Bad Spectrum,MassSpec,Off,0,1,,,0,0,,
yin6, ,,HL-W1-015,M21,I.Bad Spectrum,MassSpec,Off,0,1,,,0,0,,
yin6, ,,HL-W1-016,M21,I.Bad Spectrum,MassSpec,Off,0,1,,,0,0,,
yin6, ,,HL-W1-017,M21,I.Bad Spectrum,MassSpec,Off,0,1,,,0,0,,
yin6, ,,HL-W1-018,M21,I.Bad Spectrum,MassSpec,Off,0,1,,,0,0,,
yin6, ,,HL-W1-019,M21,I.Bad Spectrum,MassSpec,Off,0,1,,,0,0,0,
yin6, ,,HL-W1-020,M21,I.Bad Spectrum,MassSpec,Off,0,1,,,0,0,,
yin6, ,,HL-W1-021,M21,I.Bad Spectrum,MassSpec,Off,0,1,,,0,0,,
yin6, ,,HL-W1-001,M21,I.Bad Spectrum,MassSpec,Off,0,1,,,0,0,,
yin6, ,,HL-W1-002,M21,I.Bad Spectrum,MassSpec,Off,0,1,,,0,0,,
yin6, ,,HL-W1-003,M21,I.Bad Spectrum,MassSpec,Off,0,1,,,0,0,,
yin6, ,,HL-W1-004,M21,I.Bad Spectrum,MassSpec,Off,0,1,,,0,0,,
yin6, ,,HL-W1-005,M21,I.Bad Spectrum,MassSpec,Off,0,1,,,0,0,,
yin6, ,,HL-W1-006,M21,I.Bad Spectrum,MassSpec,Off,0,1,,,0,0,,
yin6, ,,HL-W1-007,M21,I.Bad Spectrum,MassSpec,Off,0,1,,,0,0,,
yin6, ,,HL-W1-008,M21,I.Bad Spectrum,MassSpec,Off,0,1,,,0,0,,
yin6, ,,HL-W1-009,M21,I.Bad Spectrum,MassSpec,Off,0,1,,,0,0,,
yin6, ,,HL-W1-010,M21,I.Bad Spectrum,MassSpec,Off,0,1,,,0,0,,
yin6, ,,HL-W1-011,M21,I.Bad Spectrum,MassSpec,Off,0,1,,,0,0,,
yin6, ,,HL-W1-022,M22,I.Bad Spectrum,MassSpec,Off,0,1,,,0,0,,
yin6, ,,HL-W1-023,M22,I.Bad Spectrum,MassSpec,Off,0,1,,,0,0,,
yin6, ,,HL-W1-012,M22,I.Bad Spectrum,MassSpec,Off,0,1,,,0,0,0,
yin6, ,,HL-W1-013,M22,I.Bad Spectrum,MassSpec,Off,0,1,,,0,0,,
yin6, ,,HL-W1-014,M22,I.Bad Spectrum,MassSpec,Off,0,1,,,0,0,,
yin6, ,,HL-W1-015,M22,I.Bad Spectrum,MassSpec,Off,0,1,,,0,0,,
yin6, ,,HL-W1-016,M22,I.Bad Spectrum,MassSpec,Off,0,1,,,0,0,,
yin6, ,,HL-W1-017,M22,I.Bad Spectrum,MassSpec,Off,0,1,,,0,0,,
yin6, ,,HL-W1-018,M22,I.Bad Spectrum,MassSpec,Off,0,1,,,0,0,,
yin6, ,,HL-W1-019,M22,I.Bad Spectrum,MassSpec,Off,0,1,,,0,0,0,
yin6, ,,HL-W1-020,M22,I.Bad Spectrum,MassSpec,Off,0,1,,,0,0,,
yin6, ,,HL-W1-021,M22,I.Bad Spectrum,MassSpec,Off,0,1,,,0,0,,
yin6, ,,HL-W1-001,M22,I.Bad Spectrum,MassSpec,Off,0,1,,,0,0,,
yin6, ,,HL-W1-002,M22,I.Bad Spectrum,MassSpec,Off,0,1,,,0,0,,
yin6, ,,HL-W1-003,M22,I.Bad Spectrum,MassSpec,Off,0,1,,,0,0,,
yin6, ,,HL-W1-004,M22,I.Bad Spectrum,MassSpec,Off,0,1,,,0,0,,
yin6, ,,HL-W1-005,M22,I.Bad Spectrum,MassSpec,Off,0,1,,,0,0,,
yin6, ,,HL-W1-006,M22,I.Bad Spectrum,MassSpec,Off,0,1,,,0,0,,
yin6, ,,HL-W1-007,M22,I.Bad Spectrum,MassSpec,Off,0,1,,,0,0,,
yin6, ,,HL-W1-008,M22,I.Bad Spectrum,MassSpec,Off,0,1,,,0,0,,
yin6, ,,HL-W1-009,M22,I.Bad Spectrum,MassSpec,Off,0,1,,,0,0,,
yin6, ,,HL-W1-010,M22,I.Bad Spectrum,MassSpec,Off,0,1,,,0,0,,
yin6, ,,HL-W1-011,M22,I.Bad Spectrum,MassSpec,Off,0,1,,,0,0,,
yin6, ,,HL-W1-023,M23,I.Bad Spectrum,MassSpec,Off,0,1,,,0,0,,
yin6, ,,HL-W1-012,M23,I.Bad Spectrum,MassSpec,Off,0,1,,,0,0,0,
yin6, ,,HL-W1-013,M23,I.Bad Spectrum,MassSpec,Off,0,1,,,0,0,,
yin6, ,,HL-W1-014,M23,I.Bad Spectrum,MassSpec,Off,0,1,,,0,0,,
yin6, ,,HL-W1-015,M23,I.Bad Spectrum,MassSpec,Off,0,1,,,0,0,,
yin6, ,,HL-W1-016,M23,I.Bad Spectrum,MassSpec,Off,0,1,,,0,0,,
yin6, ,,HL-W1-017,M23,I.Bad Spectrum,MassSpec,Off,0,1,,,0,0,,
yin6, ,,HL-W1-018,M23,I.Bad Spectrum,MassSpec,Off,0,1,,,0,0,,
yin6, ,,HL-W1-019,M23,I.Bad Spectrum,MassSpec,Off,0,1,,,0,0,0,
yin6, ,,HL-W1-020,M23,I.Bad Spectrum,MassSpec,Off,0,1,,,0,0,,
yin6, ,,HL-W1-021,M23,I.Bad Spectrum,MassSpec,Off,0,1,,,0,0,,
yin6, ,,HL-W1-022,M23,I.Bad Spectrum,MassSpec,Off,0,1,,,0,0,,
yin6, ,,HL-W1-001,M23,I.Bad Spectrum,MassSpec,Off,0,1,,,0,0,,
yin6, ,,HL-W1-002,M23,I.Bad Spectrum,MassSpec,Off,0,1,,,0,0,,
yin6, ,,HL-W1-003,M23,I.Bad Spectrum,MassSpec,Off,0,1,,,0,0,,
yin6, ,,HL-W1-004,M23,I.Bad Spectrum,MassSpec,Off,0,1,,,0,0,,
yin6, ,,HL-W1-005,M23,I.Bad Spectrum,MassSpec,Off,0,1,,,0,0,,
yin6, ,,HL-W1-006,M23,I.Bad Spectrum,MassSpec,Off,0,1,,,0,0,,
yin6, ,,HL-W1-007,M23,I.Bad Spectrum,MassSpec,Off,0,1,,,0,0,,
yin6, ,,HL-W1-008,M23,I.Bad Spectrum,MassSpec,Off,0,1,,,0,0,,
yin6, ,,HL-W1-009,M23,I.Bad Spectrum,MassSpec,Off,0,1,,,0,0,,
yin6, ,,HL-W1-010,M23,I.Bad Spectrum,MassSpec,Off,0,1,,,0,0,,
yin6, ,,HL-W1-011,M23,I.Bad Spectrum,MassSpec,Off,0,1,,,0,0,,
yin6, ,,HL-W1-023,M24,I.Bad Spectrum,MassSpec,Off,0,1,,,0,0,,
yin6, ,,HL-W1-012,M24,I.Bad Spectrum,MassSpec,Off,0,1,,,0,0,0,
yin6, ,,HL-W1-013,M24,I.Bad Spectrum,MassSpec,Off,0,1,,,0,0,,
yin6, ,,HL-W1-014,M24,I.Bad Spectrum,MassSpec,Off,0,1,,,0,0,,
yin6, ,,HL-W1-015,M24,I.Bad Spectrum,MassSpec,Off,0,1,,,0,0,,
yin6, ,,HL-W1-016,M24,I.Bad Spectrum,MassSpec,Off,0,1,,,0,0,,
yin6, ,,HL-W1-017,M24,I.Bad Spectrum,MassSpec,Off,0,1,,,0,0,,
yin6, ,,HL-W1-018,M24,I.Bad Spectrum,MassSpec,Off,0,1,,,0,0,,
yin6, ,,HL-W1-019,M24,I.Bad Spectrum,MassSpec,Off,0,1,,,0,0,0,
yin6, ,,HL-W1-020,M24,I.Bad Spectrum,MassSpec,Off,0,1,,,0,0,,
yin6, ,,HL-W1-021,M24,I.Bad Spectrum,MassSpec,Off,0,1,,,0,0,,
yin6, ,,HL-W1-022,M24,I.Bad Spectrum,MassSpec,Off,0,1,,,0,0,,
yin6, ,,HL-W1-001,M24,I.Bad Spectrum,MassSpec,Off,0,1,,,0,0,,
yin6, ,,HL-W1-002,M24,I.Bad Spectrum,MassSpec,Off,0,1,,,0,0,,
yin6, ,,HL-W1-003,M24,I.Bad Spectrum,MassSpec,Off,0,1,,,0,0,,
yin6, ,,HL-W1-004,M24,I.Bad Spectrum,MassSpec,Off,0,1,,,0,0,,
yin6, ,,HL-W1-005,M24,I.Bad Spectrum,MassSpec,Off,0,1,,,0,0,,
yin6, ,,HL-W1-006,M24,I.Bad Spectrum,MassSpec,Off,0,1,,,0,0,,
yin6, ,,HL-W1-007,M24,I.Bad Spectrum,MassSpec,Off,0,1,,,0,0,,
yin6, ,,HL-W1-008,M24,I.Bad Spectrum,MassSpec,Off,0,1,,,0,0,,
yin6, ,,HL-W1-009,M24,I.Bad Spectrum,MassSpec,Off,0,1,,,0,0,,
yin6, ,,HL-W1-010,M24,I.Bad Spectrum,MassSpec,Off,0,1,,,0,0,,
yin6, ,,HL-W1-011,M24,I.Bad Spectrum,MassSpec,Off,0,1,,,0,0,,
