Agena/test/20180914/1/G1111740 (1)  [MA4-3.3.1.20-iPLEX 09/14/18 10:52:02]     9/14/2018,,,,,,,,,,,,,,,,,,
,,,,,,,,,,,,,,,,,,
Sample Id,Sample Description,Call,Assay Id,Well Position,Description,Entry Operator,Calibration,Mass Shift,Rasters,Fractional UEP,Fractional Pausing,Resolution ,Resolution 2,Resolution 3,Area ,Area 2,Area 3,
10024333, ,GA,HL-W1-001,N01,A.Conservative,MassSpec,Off,0.45,5,0.0172909, ,683.6,748.302,,14.5871,12.7137,,
10024333, ,A,HL-W1-002,N01,B.Moderate,MassSpec,Off,0.21,5,0.462444, ,700.902,703.111,,45.2873,4.9591,,
10024333, ,T,HL-W1-003,N01,A.Conservative,MassSpec,Off,0.2,5,0.00444512, ,755.469,0,,17.2895,0,,
10024333, ,C,HL-W1-004,N01,B.Moderate,MassSpec,Off,-0.08,5,0.122092, ,668.86,670.843,,6.08951,34.284,,
10024333, ,G,HL-W1-005,N01,A.Conservative,MassSpec,Off,0.02,5,0.0942981, ,628.65,715.811,,1.06916,52.8773,,
10024333, ,A,HL-W1-006,N01,A.Conservative,MassSpec,Off,0.08,5,0.443098, ,1012.19,665.144,,1.35881,23.7394,,
10024333, ,T,HL-W1-007,N01,A.Conservative,MassSpec,Off,-0.17,5,0.00805642, ,672.571,0,,47.5919,0,,
10024333, ,T,HL-W1-008,N01,A.Conservative,MassSpec,Off,-0.72,5,0.0241018, ,1220.58,802.669,,1.76541,18.3728,,
10024333, ,AG,HL-W1-009,N01,A.Conservative,MassSpec,Off,-0.11,5,0.144268, ,800.353,802.363,,29.1059,27.5227,,
10024333, ,A,HL-W1-010,N01,A.Conservative,MassSpec,Off,-0.14,5,0.0285039, ,777.475,779.412,,91.0506,10.4324,,
10024333, ,TTAAAG.DEL,HL-W1-011,N01,A.Conservative,MassSpec,Off,-0.7,5,0.0289375, ,693.361,657.598,,28.0179,28.9157,,
10024333, ,GA,HL-W1-012,N01,A.Conservative,MassSpec,Off,-0.39,5,0.47029, ,771.006,0,756.681,17.787,0,18.2646,
10024333, ,G,HL-W1-013,N01,A.Conservative,MassSpec,Off,-0.33,5,0, ,752.913,754.634,,19.5502,100.46,,
10024333, ,TC,HL-W1-014,N01,A.Conservative,MassSpec,Off,-0.33,5,0.117907, ,751.5,753.204,,60.6965,50.3583,,
10024333, ,T,HL-W1-015,N01,A.Conservative,MassSpec,Off,-1,5,0.0307956, ,0,771.313,,0,34.0877,,
10024333, ,AG,HL-W1-016,N01,A.Conservative,MassSpec,Off,-0.42,5,0.0106643, ,707.243,708.771,,62.7578,55.7472,,
10024333, ,C,HL-W1-017,N01,A.Conservative,MassSpec,Off,-0.38,5,0, ,784.519,0,,52.0672,0,,
10024333, ,C,HL-W1-018,N01,B.Moderate,MassSpec,Off,-0.15,5,0.00670749, ,768.149,770.53,,85.4488,16.035,,
10024333, ,A,HL-W1-019,N01,A.Conservative,MassSpec,Off,-0.18,5,0.073959, ,0,0,734.452,0,0,76.6278,
10024333, ,G,HL-W1-020,N01,A.Conservative,MassSpec,Off,-0.43,5,0.0110637, ,0,762.346,,0,71.7413,,
10024333, ,GC,HL-W1-021,N01,A.Conservative,MassSpec,Off,-0.11,5,0.453316, ,721.395,941.978,,18.9836,18.1994,,
10024333, ,G,HL-W1-022,N01,B.Moderate,MassSpec,Off,-0.65,5,0, ,892.434,894.098,,14.3993,51.6967,,
10024333, ,CT,HL-W1-023,N01,A.Conservative,MassSpec,Off,-1.18,5,0.00973254, ,714.801,684.529,,19.8996,21.8973,,
20022111, ,GA,HL-W1-001,N02,A.Conservative,MassSpec,Off,-0.53,5,0, ,589.571,563.826,,18.6889,15.5,,
20022111, ,A,HL-W1-002,N02,B.Moderate,MassSpec,Off,-0.48,5,0.526136, ,695.212,697.404,,32.383,3.74389,,
20022111, ,T,HL-W1-003,N02,A.Conservative,MassSpec,Off,0.04,5,0.0155572, ,814.842,0,,21.5762,0,,
20022111, ,C,HL-W1-004,N02,A.Conservative,MassSpec,Off,-0.16,5,0.0850602, ,711.029,713.138,,3.60034,31.9372,,
20022111, ,G,HL-W1-005,N02,A.Conservative,MassSpec,Off,-0.07,5,0.0665294, ,0,748.68,,0,45.3954,,
20022111, ,A,HL-W1-006,N02,A.Conservative,MassSpec,Off,-0.22,5,0.589877, ,873.665,735.083,,0.74018,15.3434,,
20022111, ,T,HL-W1-007,N02,A.Conservative,MassSpec,Off,0.04,5,0, ,773.837,0,,38.8868,0,,
20022111, ,CT,HL-W1-008,N02,A.Conservative,MassSpec,Off,0.38,5,0.0587749, ,840.828,706.195,,13.8565,14.1468,,
20022111, ,AG,HL-W1-009,N02,A.Conservative,MassSpec,Off,0.28,5,0.166145, ,710.357,712.141,,23.191,27.4332,,
20022111, ,A,HL-W1-010,N02,A.Conservative,MassSpec,Off,0.14,5,0.0147196, ,792.198,794.172,,74.5163,5.36391,,
20022111, ,TTAAAG.DEL,HL-W1-011,N02,A.Conservative,MassSpec,Off,0.11,5,0.0254687, ,722.179,653.053,,24.2984,25.0577,,
20022111, ,A,HL-W1-012,N02,A.Conservative,MassSpec,Off,0.01,5,0.466178, ,0,998.663,813.361,0,2.27268,30.1365,
20022111, ,A,HL-W1-013,N02,A.Conservative,MassSpec,Off,0.2,5,0, ,870.367,872.356,,84.5449,8.599,,
20022111, ,T,HL-W1-014,N02,A.Conservative,MassSpec,Off,0.28,5,0.128365, ,829.03,830.91,,86.1007,8.79566,,
20022111, ,T,HL-W1-015,N02,A.Conservative,MassSpec,Off,-0.08,5,0.123765, ,882.48,885.426,,0.637903,26.3414,,
20022111, ,AG,HL-W1-016,N02,A.Conservative,MassSpec,Off,0.23,5,0.0140783, ,773.366,775.036,,46.1916,41.7211,,
20022111, ,C,HL-W1-017,N02,A.Conservative,MassSpec,Off,0.2,5,0.0111926, ,791.598,0,,49.1379,0,,
20022111, ,C,HL-W1-018,N02,B.Moderate,MassSpec,Off,-0.02,5,0.00621411, ,747.027,749.343,,71.8961,11.8847,,
20022111, ,A,HL-W1-019,N02,A.Conservative,MassSpec,Off,-0.23,5,0.0779538, ,0,0,704.289,0,0,65.4638,
20022111, ,G,HL-W1-020,N02,A.Conservative,MassSpec,Off,0.1,5,0.00126836, ,1070.28,768.826,,2.10955,58.9004,,
20022111, ,G,HL-W1-021,N02,A.Conservative,MassSpec,Off,-0.15,5,0.45855, ,723.409,0,,36.5262,0,,
20022111, ,A,HL-W1-022,N02,B.Moderate,MassSpec,Off,0.03,5,0, ,754.818,756.226,,53.5773,23.1497,,
20022111, ,T,HL-W1-023,N02,A.Conservative,MassSpec,Off,0.45,5,0.00993643, ,0,736.602,,0,39.3176,,
22023306, ,GA,HL-W1-001,N03,A.Conservative,MassSpec,Off,-0.77,5,0, ,575.264,483.877,,8.81951,9.65674,,
22023306, ,A,HL-W1-002,N03,A.Conservative,MassSpec,Off,-0.69,5,0.539752, ,647.856,649.899,,23.4381,2.23264,,
22023306, ,T,HL-W1-003,N03,A.Conservative,MassSpec,Off,0.67,5,0, ,748.546,0,,7.51257,0,,
22023306, ,C,HL-W1-004,N03,A.Conservative,MassSpec,Off,-0.16,5,0.0986332, ,717.909,720.037,,1.90205,19.4544,,
22023306, ,G,HL-W1-005,N03,A.Conservative,MassSpec,Off,0,5,0.0399622, ,0,761.828,,0,28.6373,,
22023306, ,A,HL-W1-006,N03,A.Conservative,MassSpec,Off,0.24,5,0.563007, ,2337.38,688.231,,0.159012,9.79966,,
22023306, ,T,HL-W1-007,N03,A.Conservative,MassSpec,Off,0.17,5,0, ,705.853,650.743,,27.3224,0.395039,,
22023306, ,CT,HL-W1-008,N03,E.User Call,charles,Off,0.69,5,0.0292353, ,933.465,884.102,,11.273,5.0654,,
22023306, ,AG,HL-W1-009,N03,B.Moderate,MassSpec,Off,0.07,5,0.111042, ,712.858,714.648,,23.1004,17.0765,,
22023306, ,A,HL-W1-010,N03,A.Conservative,MassSpec,Off,0.08,5,0.0104112, ,899.619,901.861,,42.6692,2.8141,,
22023306, ,DEL,HL-W1-011,N03,A.Conservative,MassSpec,Off,-0.05,5,0.0240167, ,0,811.297,,0,23.2528,,
22023306, ,A,HL-W1-012,N03,A.Conservative,MassSpec,Off,0.04,5,0.454988, ,693.145,916.167,755.348,0.112421,2.38775,17.0604,
22023306, ,A,HL-W1-013,N03,A.Conservative,MassSpec,Off,0.21,5,0, ,916.978,919.074,,43.8173,1.67113,,
22023306, ,T,HL-W1-014,N03,A.Conservative,MassSpec,Off,-0.27,5,0.172598, ,821.393,823.256,,51.1637,6.12599,,
22023306, ,T,HL-W1-015,N03,A.Conservative,MassSpec,Off,-0.09,5,0.098234, ,0,957.241,,0,18.4303,,
22023306, ,G,HL-W1-016,N03,A.Conservative,MassSpec,Off,0.06,5,0.00629172, ,943.546,945.584,,4.09071,35.2063,,
22023306, ,C,HL-W1-017,N03,A.Conservative,MassSpec,Off,0.55,5,0.0226534, ,928.694,0,,34.642,0,,
22023306, ,C,HL-W1-018,N03,B.Moderate,MassSpec,Off,-0.17,5,0.00299144, ,865.562,868.245,,39.1183,6.46078,,
22023306, ,A,HL-W1-019,N03,A.Conservative,MassSpec,Off,-0.31,5,0.0611667, ,732.345,0,766.799,0.117845,0,36.3522,
22023306, ,G,HL-W1-020,N03,A.Conservative,MassSpec,Off,0.43,5,0.0255044, ,0,821.457,,0,34.3652,,
22023306, ,G,HL-W1-021,N03,B.Moderate,MassSpec,Off,0.52,5,0.502689, ,762.518,1302.8,,16.4037,1.7429,,
22023306, ,AG,HL-W1-022,N03,A.Conservative,MassSpec,Off,0.48,5,0, ,795.358,796.842,,19.8567,20.8146,,
22023306, ,C,HL-W1-023,N03,A.Conservative,MassSpec,Off,-0.1,5,0.160491, ,801.602,771.842,,22.7152,1.29548,,
10024333, ,TC,HL-W2-001,N04,A.Conservative,MassSpec,Off,0.11,5,0.0795177, ,705.839,708.219,,22.9795,20.1623,,
10024333, ,C,HL-W2-002,N04,A.Conservative,MassSpec,Off,-0.41,5,0.312612, ,687.287,689.548,,1.38067,36.7017,,
10024333, ,A,HL-W2-003,N04,A.Conservative,MassSpec,Off,-0.72,5,0.274467, ,782.938,785.407,,85.3238,4.9207,,
10024333, ,G,HL-W2-004,N04,A.Conservative,MassSpec,Off,-0.28,5,0.40239, ,667.944,885.629,,38.1286,1.22125,,
10024333, ,A,HL-W2-005,N04,A.Conservative,MassSpec,Off,-0.41,5,0.114112, ,756.93,759.185,,48.2589,3.24425,,
10024333, ,C,HL-W2-006,N04,B.Moderate,MassSpec,Off,-0.13,5,0.0500552, ,792.855,795.167,,7.40865,76.6888,,
10024333, ,T,HL-W2-007,N04,E.User Call,charles,Off,-0.24,5,0.727078, ,0,846.025,,0,6.38439,,
10024333, ,CT,HL-W2-008,N04,A.Conservative,MassSpec,Off,-0.34,5,0.00803165, ,843.883,713.177,,25.8435,30.7295,,
10024333, ,A,HL-W2-009,N04,A.Conservative,MassSpec,Off,0.11,5,0.303151, ,647.195,753.024,,0.814268,40.0324,,
10024333, ,G,HL-W2-010,N04,A.Conservative,MassSpec,Off,-0.18,5,0.162313, ,832.816,0,,50.9995,0,,
10024333, ,GA,HL-W2-011,N04,B.Moderate,MassSpec,Off,0.07,5,0.297425, ,747.611,768.024,,31.7447,21.2231,,
10024333, ,A,HL-W2-012,N04,A.Conservative,MassSpec,Off,-0.22,5,0.361739, ,674.189,750.397,,0.759256,53.169,,
10024333, ,AG,HL-W2-013,N04,A.Conservative,MassSpec,Off,0.32,5,0.236662, ,692.69,694.414,,46.326,40.4981,,
10024333, ,AG,HL-W2-014,N04,A.Conservative,MassSpec,Off,-0.37,5,0.0746533, ,757.859,759.71,,28.4184,23.0883,,
10024333, ,C,HL-W2-015,N04,A.Conservative,MassSpec,Off,-0.07,5,0.126608, ,0,838.82,,0,55.3109,,
10024333, ,C,HL-W2-016,N04,B.Moderate,MassSpec,Off,-0.04,5,0.0944095, ,886.391,448.987,,56.0457,15.9222,,
10024333, ,C,HL-W2-017,N04,A.Conservative,MassSpec,Off,0.32,5,0.252127, ,806.505,809.295,,76.9566,3.4248,,
10024333, ,G,HL-W2-018,N04,A.Conservative,MassSpec,Off,0.14,5,0.438788, ,773.876,775.621,,6.35128,34.5662,,
10024333, ,CG,HL-W2-019,N04,A.Conservative,MassSpec,Off,-0.14,5,0.370864, ,986.901,860.023,,7.53101,10.5749,,
10024333, ,G,HL-W2-020,N04,A.Conservative,MassSpec,Off,-0.03,5,0.0569812, ,934.379,936.437,,3.67175,51.474,,
10024333, ,T,HL-W2-021,N04,A.Conservative,MassSpec,Off,0.08,5,0.262568, ,820.165,821.955,,62.4149,11.5756,,
10024333, ,G,HL-W2-022,N04,A.Conservative,MassSpec,Off,0.06,5,0.114794, ,805.795,808.328,,135.31,6.24658,,
10024333, ,C,HL-W2-023,N04,A.Conservative,MassSpec,Off,0.12,5,0.0722888, ,766.783,0,,70.527,0,,
10024333, ,T,HL-W2-024,N04,A.Conservative,MassSpec,Off,0,5,0.14648, ,0,838.1,,0,65.6437,,
20022111, ,TC,HL-W2-001,N05,A.Conservative,MassSpec,Off,0.58,5,0.0279688, ,537.78,539.594,,17.519,17.0108,,
20022111, ,C,HL-W2-023,N05,A.Conservative,MassSpec,Off,0.47,5,0.154763, ,609.794,733.363,,36.9422,0.294617,,
20022111, ,G,HL-W2-022,N05,A.Conservative,MassSpec,Off,-0.05,5,0.0888929, ,812.493,815.048,,116.391,5.53364,,
20022111, ,T,HL-W2-021,N05,A.Conservative,MassSpec,Off,0.11,5,0.264052, ,860.629,862.508,,33.9666,4.64562,,
20022111, ,G,HL-W2-020,N05,A.Conservative,MassSpec,Off,-0.19,5,0, ,932.594,934.648,,1.39252,20.3549,,
20022111, ,G,HL-W2-019,N05,C.Aggressive,MassSpec,Off,0.13,5,0.158162, ,950.943,831.607,,0.989303,6.47665,,
20022111, ,G,HL-W2-018,N05,B.Moderate,MassSpec,Off,0.53,5,0.405022, ,841.247,843.144,,6.34501,31.2273,,
20022111, ,CA,HL-W2-017,N05,B.Moderate,MassSpec,Off,-0.14,5,0.187092, ,789.334,792.064,,36.6906,24.6392,,
20022111, ,CA,HL-W2-016,N05,A.Conservative,MassSpec,Off,-0.36,5,0.0759399, ,848.342,719.935,,22.163,33.8444,,
20022111, ,GC,HL-W2-015,N05,A.Conservative,MassSpec,Off,-0.45,5,0.0594696, ,810.541,632.449,,16.7561,21.454,,
20022111, ,AG,HL-W2-014,N05,A.Conservative,MassSpec,Off,0.23,5,0.063891, ,676.65,678.303,,13.8604,12.8334,,
20022111, ,A,HL-W2-013,N05,A.Conservative,MassSpec,Off,-0.02,5,0.431439, ,843.022,845.12,,43.5245,2.95316,,
20022111, ,A,HL-W2-012,N05,A.Conservative,MassSpec,Off,-0.07,5,0.412418, ,674.189,703.669,,1.11456,43.1632,,
20022111, ,A,HL-W2-011,N05,A.Conservative,MassSpec,Off,-0.14,5,0.357517, ,2244.37,760.186,,0.273989,31.3659,,
20022111, ,GA,HL-W2-010,N05,A.Conservative,MassSpec,Off,0.29,5,0, ,824.781,776.107,,13.1797,13.6523,,
20022111, ,A,HL-W2-009,N05,A.Conservative,MassSpec,Off,0.19,5,0.254163, ,0,766.817,,0,32.6406,,
20022111, ,CT,HL-W2-008,N05,A.Conservative,MassSpec,Off,0,5,0.000211013, ,788.651,677.686,,20.0251,19.6371,,
20022111, ,,HL-W2-007,N05,N.No-Alleles,MassSpec,Off,0,5,0.874671, ,0,1711.26,,0,0.402536,,
20022111, ,C,HL-W2-006,N05,B.Moderate,MassSpec,Off,-0.02,5,0.0273223, ,751.153,753.344,,7.27547,61.7619,,
20022111, ,AG,HL-W2-005,N05,A.Conservative,MassSpec,Off,-0.03,5,0.0514044, ,617.888,619.729,,14.8914,12.7694,,
20022111, ,G,HL-W2-004,N05,A.Conservative,MassSpec,Off,0.63,5,0.290902, ,552.185,843.372,,24.3989,1.40548,,
20022111, ,A,HL-W2-003,N05,A.Conservative,MassSpec,Off,-0.54,5,0.193656, ,692.029,694.211,,83.9144,6.79694,,
20022111, ,C,HL-W2-002,N05,A.Conservative,MassSpec,Off,-0.03,5,0.250223, ,640.601,642.708,,1.29746,17.5303,,
20022111, ,GT,HL-W2-024,N05,A.Conservative,MassSpec,Off,-0.39,5,0.0602116, ,839.826,759.355,,18.8693,20.1831,,
22023306, ,CT,HL-W2-023,N06,B.Moderate,MassSpec,Off,0.39,8,0, ,592.984,673.595,,17.6978,11.2651,,
22023306, ,TC,HL-W2-001,N06,A.Conservative,MassSpec,Off,-0.38,8,0.130517, ,536.936,538.747,,10.5945,11.3647,,
22023306, ,G,HL-W2-018,N06,A.Conservative,MassSpec,Off,0.09,8,0.484806, ,859.069,861.006,,3.50493,15.1771,,
22023306, ,GA,HL-W2-011,N06,B.Moderate,MassSpec,Off,-0.07,8,0.133419, ,749.382,694.82,,17.6202,14.2138,,
22023306, ,T,HL-W2-021,N06,A.Conservative,MassSpec,Off,-0.32,8,0.548445, ,731.302,732.899,,17.0706,5.64148,,
22023306, ,GA,HL-W2-010,N06,A.Conservative,MassSpec,Off,-0.84,8,0.0222397, ,804.687,636.542,,11.026,15.4332,,
22023306, ,C,HL-W2-017,N06,B.Moderate,MassSpec,Off,-0.26,8,0.0826779, ,751.803,754.403,,45.784,4.75809,,
22023306, ,A,HL-W2-009,N06,A.Conservative,MassSpec,Off,-0.83,8,0.28196, ,647.195,670.193,,3.08968,11.2677,,
22023306, ,T,HL-W2-024,N06,A.Conservative,MassSpec,Off,-0.18,8,0.184516, ,1627.82,746.786,,0.721708,33.8682,,
22023306, ,C,HL-W2-008,N06,A.Conservative,MassSpec,Off,-0.03,8,0.029962, ,749.085,0,,28.6761,0,,
22023306, ,C,HL-W2-016,N06,C.Aggressive,MassSpec,Off,-0.08,8,0.106284, ,765.068,610.949,,31.7405,9.19201,,
22023306, ,T,HL-W2-007,N06,E.User Call,charles,Off,1.07,8,0.655745, ,0,740.108,,0,2.66462,,
22023306, ,G,HL-W2-020,N06,A.Conservative,MassSpec,Off,-0.1,8,0.109775, ,807.128,808.905,,3.43219,23.3047,,
22023306, ,C,HL-W2-006,N06,A.Conservative,MassSpec,Off,-0.3,8,0.0215243, ,676.243,678.216,,5.03318,41.5044,,
22023306, ,C,HL-W2-015,N06,A.Conservative,MassSpec,Off,-0.4,8,0.165079, ,0,762.816,,0,25.8771,,
22023306, ,A,HL-W2-005,N06,A.Conservative,MassSpec,Off,-0.16,8,0.129966, ,728.064,730.234,,25.0649,1.22077,,
22023306, ,GT,HL-W2-022,N06,A.Conservative,MassSpec,Off,-0.35,8,0.0608253, ,739.646,741.972,,35.3045,43.5083,,
22023306, ,GA,HL-W2-004,N06,A.Conservative,MassSpec,Off,0.76,8,0.361908, ,598.859,654.904,,12.2399,8.89503,,
22023306, ,AG,HL-W2-014,N06,A.Conservative,MassSpec,Off,0.52,8,0.0148132, ,700.763,702.475,,17.9218,14.9754,,
22023306, ,A,HL-W2-003,N06,A.Conservative,MassSpec,Off,-0.16,8,0.44289, ,714.319,716.571,,34.7738,1.71696,,
22023306, ,C,HL-W2-019,N06,E.User Call,charles,Off,0.07,8,0.625701, ,824.744,0,,4.56385,0,,
22023306, ,TC,HL-W2-002,N06,A.Conservative,MassSpec,Off,0.58,8,0.235172, ,647.945,650.076,,11.1019,10.8623,,
22023306, ,A,HL-W2-013,N06,A.Conservative,MassSpec,Off,0.09,8,0.363034, ,782.229,784.176,,32.4087,4.53804,,
22023306, ,A,HL-W2-012,N06,A.Conservative,MassSpec,Off,-0.71,8,0.418203, ,3305.8,573.543,,0.243933,27.5964,,
BB18090019, ,,HLHX_W1_16,O01,N.No-Alleles,MassSpec,Off,-0.02,8,0.974774, ,1663.39,0,,0.415178,0,,
BB18090019, ,G,HLHX_W1_17,O01,E.User Call,charles,Off,0.36,8,0.533528, ,0,1181.82,,0,1.69745,,
BB18090019, ,G,HLHX_W1_18,O01,E.User Call,charles,Off,0.03,8,0.416859, ,719.458,720.97,,6.06395,9.05897,,
BB18090019, ,AG,HLHX_W1_19,O01,A.Conservative,MassSpec,Off,-0.58,8,0.166781, ,824.254,825.975,,8.86398,9.65409,,
BB18090019, ,,HLHX_W1_20,O01,N.No-Alleles,MassSpec,Off,-0.53,8,0.950289, ,1287.72,1290.39,,1.10276,0.332484,,
BB18090019, ,TC,HLHX_W1_21,O01,A.Conservative,MassSpec,Off,-0.41,8,0.64311, ,846.869,848.613,1560.77,10.0598,10.0272,0.191123,
BB18090019, ,G,HLHX_W1_22,O01,E.User Call,charles,Off,-0.17,8,0.717188, ,790.84,970.227,,9.24542,0.386351,,
BB18090019, ,C,HLHX_W1_23,O01,B.Moderate,MassSpec,Off,-1.58,8,0.601504, ,792.048,0,,8.91732,0,,
BB18090019, ,,HLHX_W1_24,O01,N.No-Alleles,MassSpec,Off,-0.34,8,1, ,0,0,,0,0,,
BB18090019, ,G,HLHX_W1_01,O01,B.Moderate,MassSpec,Off,0.64,8,0.164435, ,747.96,775.983,,19.1677,1.88141,,
BB18090019, ,A,HLHX_W1_02,O01,A.Conservative,MassSpec,Off,0.43,8,0.122996, ,0,717.607,,0,19.8123,,
BB18090019, ,GT,HLHX_W1_03,O01,A.Conservative,MassSpec,Off,0.55,8,0.54026, ,785.03,733.42,,6.15189,5.97717,,
BB18090019, ,CA,HLHX_W1_04,O01,B.Moderate,MassSpec,Off,0.03,8,0.471707, ,665.033,633.39,,5.75134,7.70191,,
BB18090019, ,T,HLHX_W1_05,O01,E.User Call,charles,Off,-0.07,8,0.7867, ,0,616.695,,0,3.97445,,
BB18090019, ,ATTTGTTCATGCCT,HLHX_W1_06,O01,E.User Call,charles,Off,-0.03,8,0.720095, ,382.577,638.149,,6.3801,0.000152,,
BB18090019, ,TC,HLHX_W1_07,O01,A.Conservative,MassSpec,Off,0.38,8,0.482574, ,713.848,715.821,,9.19779,9.21523,,
BB18090019, ,T,HLHX_W1_08,O01,B.Moderate,MassSpec,Off,-0.13,8,0.37363, ,789.228,791.391,,16.4679,3.02291,,
BB18090019, ,G,HLHX_W1_09,O01,A.Conservative,MassSpec,Off,-0.14,8,0.225408, ,774.175,776.249,,2.58013,23.4318,,
BB18090019, ,A,HLHX_W1_10,O01,B.Moderate,MassSpec,Off,-0.16,8,0.640799, ,0,0,732.291,0,0,8.48016,
BB18090019, ,CT,HLHX_W1_11,O01,E.User Call,charles,Off,0.01,8,0.327399, ,962.092,699.966,,2.57484,9.2824,,
BB18090019, ,CA,HLHX_W1_12,O01,A.Conservative,MassSpec,Off,0.04,8,0.21644, ,877.057,930.206,,9.10922,7.69404,,
BB18090019, ,G,HLHX_W1_13,O01,A.Conservative,MassSpec,Off,0.02,8,0.218194, ,0,884.581,,0,29.9035,,
BB18090019, ,A,HLHX_W1_14,O01,A.Conservative,MassSpec,Off,-0.21,8,0.233685, ,756.038,757.873,,22.757,3.2599,,
BB18090019, ,T,HLHX_W1_15,O01,A.Conservative,MassSpec,Off,0.24,8,0.399287, ,586.613,695.748,,15.496,0.378461,,
BB18090019, ,A,HLFA_W1_01,O02,A.Conservative,MassSpec,Off,0.3,6,0.0339012, ,697.301,699.617,,47.0911,2.4793,,
BB18090019, ,CG,HLFA_W1_02,O02,B.Moderate,MassSpec,Off,-0.11,6,0.000633018, ,546.604,630.06,,17.9231,20.5633,,
BB18090019, ,TC,HLFA_W1_03,O02,A.Conservative,MassSpec,Off,0.38,6,0, ,683.936,685.957,,42.7541,34.4063,,
BB18090019, ,T,HLFA_W1_04,O02,A.Conservative,MassSpec,Off,-0.36,6,0, ,0,663.007,,0,12.6932,,
BB18090019, ,C,HLFA_W1_05,O02,A.Conservative,MassSpec,Off,0.1,6,0.16752, ,680.338,642.921,,19.6985,0.13484,,
BB18090019, ,CA,HLFA_W1_06,O02,A.Conservative,MassSpec,Off,-0.38,6,0.0044491, ,784.15,679.266,,19.3464,25.8118,,
BB18090019, ,G,HLFA_W1_07,O02,A.Conservative,MassSpec,Off,-0.2,6,0.234153, ,716.75,0,,42.0915,0,,
BB18090019, ,C,HLFA_W1_08,O02,B.Moderate,MassSpec,Off,-0.06,6,0.00299077, ,804.685,806.723,,8.01549,42.8758,,
BB18090019, ,A,HLFA_W1_09,O02,A.Conservative,MassSpec,Off,-0.04,6,0.353427, ,684.087,798.401,,0.49696,26.1515,,
BB18090019, ,G,HLFA_W1_10,O02,A.Conservative,MassSpec,Off,0.11,6,0, ,825.187,0,,62.1343,0,,
BB18090019, ,AG,HLFA_W1_11,O02,B.Moderate,MassSpec,Off,-0.03,6,0.0184098, ,824.502,826.409,,77.4419,62.4416,,
BB18090019, ,AG,HLFA_W1_12,O02,A.Conservative,MassSpec,Off,-0.1,6,0, ,711.802,713.37,,28.871,26.0387,,
BB18090019, ,G,HLFA_W2_01,O03,A.Conservative,MassSpec,Off,-0.14,5,0, ,598.011,600.036,651.707,11.4891,125.176,7.36612,
BB18090019, ,GT,HLFA_W2_02,O03,A.Conservative,MassSpec,Off,-0.13,5,0, ,849.513,741.736,,81.2485,94.3383,,
BB18090019, ,T,HLFA_W2_03,O03,A.Conservative,MassSpec,Off,-0.1,5,0.00794683, ,637.097,723.678,,2.80241,167.374,,
BB18090019, ,GA,HLFA_W2_04,O03,B.Moderate,MassSpec,Off,-0.25,5,0, ,901.808,836.541,795.523,58.8503,5.63524,65.8771,
BB18090019, ,GA,HLFA_W2_05,O03,E.User Call,charles,Off,-0.02,5,0.0362381, ,886.61,766.765,,136.12,46.9446,,
BB18090019, ,TA7.TA6,HLFA_W2_06,O03,E.User Call,charles,Off,-0.52,5,0, ,765.252,766.611,,146.032,112.863,,
10020085, ,,ETBZ2_W2-01,O04,D.Low Probability,MassSpec,Off,-0.62,5,0.215659, ,580.589,530.97,,0.470674,2.25761,,
10020085, ,,ETBZ2_W2-02,O04,D.Low Probability,MassSpec,Off,-0.15,5,0.906201, ,0,1858.89,,0,0.46329,,
10020085, ,,ETBZ2_W2-04,O04,D.Low Probability,MassSpec,Off,-0.01,5,0.626276, ,570.03,1889.2,,3.35044,0.345764,,
10020085, ,C,ETBZ2_W2-05,O04,B.Moderate,MassSpec,Off,-0.72,5,0.521427, ,539.195,0,,5.21345,0,,
10020085, ,,ETBZ2_W2-07,O04,N.No-Alleles,MassSpec,Off,2.36,5,0.895228, ,0,958.859,,0,0.979713,,
10020085, ,,ETBZ2_W2-08,O04,N.No-Alleles,MassSpec,Off,0,5,0.941609, ,1066.52,0,,0.473473,0,,
10020085, ,A,ETBZ2_W2-10,O04,B.Moderate,MassSpec,Off,0.38,5,0.755463, ,0,761.763,,0,8.335,,
10020085, ,T,ETBZ2_W2-11,O04,A.Conservative,MassSpec,Off,-0.47,5,0.614891, ,669.445,0,,15.407,0,,
10020085, ,G,ETBZ2_W2-12,O04,A.Conservative,MassSpec,Off,-0.92,5,0.272229, ,808.626,662.791,,24.6849,1.16116,,
10020085, ,TC,ETBZ2_W2-14,O04,A.Conservative,MassSpec,Off,-0.08,5,0.417268, ,594.771,596.261,,18.133,19.3362,,
10020085, ,,ETBZ2_W2-15,O04,N.No-Alleles,MassSpec,Off,0.07,5,0.984215, ,0,683.375,,0,0.057313,,
10020085, ,,ETBZ2_W2-16,O04,D.Low Probability,MassSpec,Off,-0.19,5,0.93239, ,917.666,0,,8.32063,0,,
10020085, ,,ETBZ2_W2-17,O04,D.Low Probability,MassSpec,Off,0.2,5,0.819649, ,1869.95,721.859,,0.58702,5.93766,,
10020085, ,A,ETBZ2_W2-19,O04,B.Moderate,MassSpec,Off,0.11,5,0.523822, ,801.007,0,,11.6269,0,,
10020085, ,,ETBZ2_W2-20,O04,D.Low Probability,MassSpec,Off,0.11,5,0.622437, ,1353.99,983.017,,1.9757,4.84527,,
10020085, ,T,ETBZ2_W2-21,O04,B.Moderate,MassSpec,Off,-0.33,5,0.669699, ,0,720.589,,0,58.8358,,
10020085, ,C,ETBZ2_W2-22,O04,A.Conservative,MassSpec,Off,0.27,5,0.192874, ,773.632,775.282,,17.6533,93.76,,
10020085, ,AG,ETBZ2_W2-23,O04,B.Moderate,MassSpec,Off,0.08,5,0, ,671.106,672.527,,81.7502,69.4648,,
10020085, ,CT,ETBZ2_W2-24,O04,B.Moderate,MassSpec,Off,0.04,5,0.204474, ,737.67,692.608,,28.6687,22.1568,,
10020085, ,CT,ETBZ2_W2-25,O04,A.Conservative,MassSpec,Off,-0.37,5,0, ,861.663,745.189,,23.486,25.0863,,
10020085, ,,ETBZ2_W2-26,O04,D.Low Probability,MassSpec,Off,-2.28,5,0.336781, ,577.088,578.256,,5.64845,3.75339,,
10020085, ,,ETBZ2_W2-27,O04,D.Low Probability,MassSpec,Off,-0.82,5,0.871715, ,1078.47,0,,4.07178,0,,
10020085, ,C,ETBZ2_W2-28,O04,B.Moderate,MassSpec,Off,-0.18,5,0.533052, ,611.23,612.431,,12.1496,19.2581,,
10020085, ,,ETBZ2_W2-31,O04,D.Low Probability,MassSpec,Off,-0.61,5,0.56362, ,732.376,693.151,,29.8226,15.8917,,
10020085, ,,ETBZ2_W2-32,O04,D.Low Probability,MassSpec,Off,-1.1,5,0.827901, ,725.667,726.977,,3.12706,1.83097,,
BB18090011, ,GA,HLHX_W1_16,O05,E.User Call,charles,Off,0.7,9,0.272789, ,803.498,891.353,,3.04054,1.63785,,
BB18090011, ,,HLHX_W1_17,O05,D.Low Probability,MassSpec,Off,0.59,9,0, ,536.707,536.895,,3.24207,2.83876,,
BB18090011, ,AG,HLHX_W1_18,O05,E.User Call,charles,Off,0.94,9,0.0203917, ,839.201,840.964,,3.90961,3.64921,,
BB18090011, ,G,HLHX_W1_19,O05,B.Moderate,MassSpec,Off,0.1,9,0.0153693, ,796.633,798.296,,2.40815,12.0865,,
BB18090011, ,AG,HLHX_W1_20,O05,A.Conservative,MassSpec,Off,0.78,9,0.101789, ,859.217,860.998,,10.0275,9.42484,,
BB18090011, ,A,HLHX_W1_21,O05,A.Conservative,MassSpec,Off,0.09,9,0.332173, ,730.876,732.381,753.124,0.756072,1.69157,43.8526,
BB18090011, ,GA,HLHX_W1_22,O05,E.User Call,charles,Off,-0.26,9,0.416836, ,801.724,962.836,,3.83696,4.56207,,
BB18090011, ,C,HLHX_W1_23,O05,E.User Call,charles,Off,0.48,9,0.0453355, ,761.641,0,,7.04335,0,,
BB18090011, ,A,HLHX_W1_24,O05,E.User Call,charles,Off,-0.56,9,0.713881, ,648.256,650.076,,1.99804,7.88054,,
BB18090011, ,GC,HLHX_W1_01,O05,B.Moderate,MassSpec,Off,-1.65,9,0.111287, ,656.538,556.959,,3.5354,5.6283,,
BB18090011, ,A,HLHX_W1_02,O05,A.Conservative,MassSpec,Off,-0.79,9,0.00843417, ,0,603.861,,0,17.7365,,
BB18090011, ,GT,HLHX_W1_03,O05,B.Moderate,MassSpec,Off,-0.86,9,0.178139, ,668.557,789.123,,4.05613,4.76319,,
BB18090011, ,CA,HLHX_W1_04,O05,B.Moderate,MassSpec,Off,-0.01,9,0.00403863, ,597.491,746.1,,13.5258,15.1327,,
BB18090011, ,,HLHX_W1_05,O05,D.Low Probability,MassSpec,Off,-1.89,9,0.324483, ,561.643,1158.33,,2.39672,1.35894,,
BB18090011, ,DEL,HLHX_W1_06,O05,B.Moderate,MassSpec,Off,-0.48,9,0.34647, ,1189.27,592.731,,0.579021,7.87044,,
BB18090011, ,TC,HLHX_W1_07,O05,A.Conservative,MassSpec,Off,0.04,9,0.0810428, ,756.034,758.124,,10.9459,9.50908,,
BB18090011, ,T,HLHX_W1_08,O05,B.Moderate,MassSpec,Off,-0.36,9,0.0770775, ,795.705,797.885,,25.259,3.65328,,
BB18090011, ,AG,HLHX_W1_09,O05,B.Moderate,MassSpec,Off,0.42,9,0, ,663.623,665.4,,29.522,24.0567,,
BB18090011, ,A,HLHX_W1_10,O05,A.Conservative,MassSpec,Off,-0.81,9,0.404124, ,656.202,0,565.135,1.17477,0,11.0938,
BB18090011, ,CT,HLHX_W1_11,O05,B.Moderate,MassSpec,Off,0.63,9,0.0943499, ,761.227,938.618,,7.96734,4.78622,,
BB18090011, ,CA,HLHX_W1_12,O05,B.Moderate,MassSpec,Off,0.21,9,0.0610305, ,813.854,899.369,,4.90818,3.53441,,
BB18090011, ,CG,HLHX_W1_13,O05,B.Moderate,MassSpec,Off,-0.29,9,0, ,652.235,773.637,,10.3258,11.4026,,
BB18090011, ,AG,HLHX_W1_14,O05,A.Conservative,MassSpec,Off,0.14,9,0, ,734.602,736.385,,15.4358,14.6242,,
BB18090011, ,T,HLHX_W1_15,O05,A.Conservative,MassSpec,Off,0.06,9,0.0483326, ,787.987,0,,12.4162,0,,
yin, ,,HLHX_W1_17,O06,D.Low Probability,MassSpec,Off,0,5,0, ,708.932,671.952,,1.93888,1.19061,,
yin, ,,HLHX_W1_16,O06,D.Low Probability,MassSpec,Off,-0.64,5,0.725744, ,414.164,0,,6.05507,0,,
yin, ,AG,HLHX_W1_19,O06,B.Moderate,MassSpec,Off,1.09,5,0.0085376, ,547.673,548.817,,15.5264,17.6753,,
yin, ,A,HLHX_W1_20,O06,A.Conservative,MassSpec,Off,-0.32,5,0, ,572.822,574.01,,33.6956,20.6937,,
yin, ,,HLHX_W1_21,O06,D.Low Probability,MassSpec,Off,-0.7,5,0.683775, ,730.876,732.381,732.926,7.92351,10.9565,4.97143,
yin, ,GA,HLHX_W1_22,O06,C.Aggressive,MassSpec,Off,-0.83,5,0.0743787, ,532.783,747.297,,16.224,6.11619,,
yin, ,C,HLHX_W1_23,O06,A.Conservative,MassSpec,Off,-2.52,5,0, ,468.922,748.771,,18.8515,0.067967,,
yin, ,A,HLHX_W1_24,O06,A.Conservative,MassSpec,Off,-1.97,5,0.141105, ,521.735,523.2,,8.0649,23.2406,,
yin, ,,HLHX_W1_01,O06,D.Low Probability,MassSpec,Off,0.01,5,0.727117, ,585.866,588.377,,2.69758,1.69231,,
yin, ,A,HLHX_W1_02,O06,A.Conservative,MassSpec,Off,-0.52,5,0.349296, ,590.439,433.846,,0.03513,16.2169,,
yin, ,T,HLHX_W1_03,O06,C.Aggressive,MassSpec,Off,-0.05,5,0.0662392, ,771.908,476.522,,2.36723,14.1357,,
yin, ,CA,HLHX_W1_04,O06,B.Moderate,MassSpec,Off,-0.33,5,0.000992366, ,441.841,523.59,,14.1868,16.3904,,
yin, ,,HLHX_W1_05,O06,D.Low Probability,MassSpec,Off,0,5,0.272442, ,469.461,624.085,,2.00897,3.18598,,
yin, ,DEL,HLHX_W1_06,O06,A.Conservative,MassSpec,Off,-0.1,5,0, ,671.677,506.983,,1.16296,19.3883,,
yin, ,,HLHX_W1_07,O06,N.No-Alleles,MassSpec,Off,-0.39,5,0.996015, ,644.474,0,,0.111135,0,,
yin, ,T,HLHX_W1_08,O06,A.Conservative,MassSpec,Off,0.16,5,0.0422491, ,539.213,540.691,,24.6286,9.71135,,
yin, ,AG,HLHX_W1_09,O06,A.Conservative,MassSpec,Off,0.68,5,0.280368, ,469.484,470.741,,19.832,19.969,,
yin, ,A,HLHX_W1_10,O06,A.Conservative,MassSpec,Off,-0.48,5,0.0389002, ,0,2290.25,532.893,0,0.210419,26.3559,
yin, ,,HLHX_W1_11,O06,D.Low Probability,MassSpec,Off,-0.83,5,0, ,454.092,479.264,,8.19991,14.6007,,
yin, ,C,HLHX_W1_12,O06,A.Conservative,MassSpec,Off,-1.43,5,0, ,518.906,904.37,,14.5552,0.388558,,
yin, ,G,HLHX_W1_13,O06,B.Moderate,MassSpec,Off,-0.65,5,0, ,572.099,598.411,,6.03503,26.9277,,
yin, ,A,HLHX_W1_14,O06,B.Moderate,MassSpec,Off,-0.22,5,0.0363705, ,605.254,606.723,,32.8726,13.984,,
yin, ,T,HLHX_W1_15,O06,A.Conservative,MassSpec,Off,-0.52,5,0, ,548.886,0,,24.2108,0,,
yin, ,AG,HLHX_W1_18,O06,B.Moderate,MassSpec,Off,0,5,0.00389176, ,725.02,726.543,,7.02798,7.203,,
BB18090011, ,AG,HLFA_W1_12,O12,B.Moderate,MassSpec,Off,0.24,5,0, ,634.157,635.554,,,37.1124,34.0424,
BB18090011, ,A,HLFA_W1_11,O12,A.Conservative,MassSpec,Off,-0.07,5,0.0120911, ,637.791,639.266,,,159.331,56.5895,
BB18090011, ,G,HLFA_W1_10,O12,A.Conservative,MassSpec,Off,-0.21,5,0, ,643.6,0,,,51.8142,0,
BB18090011, ,GA,HLFA_W1_09,O12,E.User Call,charles,Off,-1.48,5,0.170384, ,449.796,686.045,,,37.855,12.7297,
BB18090011, ,C,HLFA_W1_08,O12,C.Aggressive,MassSpec,Off,-0.16,5,0, ,556.031,557.439,,,29.8487,49.8716,
BB18090011, ,A,HLFA_W1_01,O12,A.Conservative,MassSpec,Off,-0.44,5,0.0805198, ,492.324,493.959,,,46.0317,9.16274,
BB18090011, ,CA,HLFA_W1_06,O12,A.Conservative,MassSpec,Off,-0.25,5,0, ,586.999,565.859,,,30.2659,32.2964,
BB18090011, ,C,HLFA_W1_05,O12,A.Conservative,MassSpec,Off,0.11,5,0.0239157, ,599.217,0,,,41.6299,0,
BB18090011, ,T,HLFA_W1_04,O12,A.Conservative,MassSpec,Off,-0.43,5,0.374039, ,0,580.793,,,0,58.9035,
BB18090011, ,TC,HLFA_W1_03,O12,A.Conservative,MassSpec,Off,-0.14,5,0.0405194, ,561.11,562.767,,,45.6504,41.3279,
BB18090011, ,CG,HLFA_W1_02,O12,E.User Call,charles,Off,-0.12,5,0.669297, ,486.651,615.84,,,7.03751,8.01718,
BB18090011, ,GA,HLFA_W1_07,O12,A.Conservative,MassSpec,Off,-0.35,5,0.115213, ,566.694,614.531,,,31.7765,23.8576,
BB18090011, ,T,HLFA_W2_03,P07,A.Conservative,MassSpec,Off,-0.53,5,0.00306644, ,637.097,433.014,,,2.45619,712.619,
BB18090011, ,G,HLFA_W2_05,P07,A.Conservative,MassSpec,Off,0.07,5,0.0328757, ,431.602,657.966,,,517.657,0.95354,
BB18090011, ,GA,HLFA_W2_04,P07,B.Moderate,MassSpec,Off,0,5,0, ,701.392,549.956,704.692,,113.762,5.23872,76.1366
BB18090011, ,TA7.TA6,HLFA_W2_06,P07,A.Conservative,MassSpec,Off,-0.48,5,0, ,493.117,493.993,,,345.514,335.99,
BB18090011, ,G,HLFA_W2_02,P07,A.Conservative,MassSpec,Off,-0.05,5,0, ,441.03,451.135,,,699.94,36.937,
BB18090011, ,A,HLFA_W2_01,P07,A.Conservative,MassSpec,Off,1.11,5,0, ,443.778,445.28,501.743,,398.358,135.218,3.55678
