Agena/test/20180817/1/G1111888 (1)  [MA4-3.3.1.20-iPLEX 08/17/18 11:48:31]     08/17/2018,,,,,,,,,,,,,,,
,,,,,,,,,,,,,,,
Sample Id,Sample Description,Call,Assay Id,Well Position,Description,Entry Operator,Calibration,Mass Shift,Rasters,Fractional UEP,Fractional Pausing,Resolution ,Resolution 2,Resolution 3,
BB18060018, ,A,HLRXA_W2_02,J24,A.Conservative,MassSpec,Off,0.12,5,,,0,775.022,,
BB18060018, ,GA,HLRXA_W2_01,J24,B.Moderate,MassSpec,Off,0.18,5,,,823.39,696.074,,
BB18060018, ,G,HLRXA_W2_08,J24,A.Conservative,MassSpec,Off,-0.61,5,,,839.735,657.966,,
BB18060018, ,C,HLRXA_W2_06,J24,A.Conservative,MassSpec,Off,0.2,5,,,880.6,844.908,,
BB18060018, ,T,HLRXA_W2_05,J24,A.Conservative,MassSpec,Off,0.1,5,,,871.427,874.141,,
BB18060018, ,T,HLRXA_W2_07,J24,A.Conservative,MassSpec,Off,-0.43,5,,,984.493,809.045,,
BB18060018, ,C,HLRXA_W2_03,J24,A.Conservative,MassSpec,Off,0.09,5,,,880.401,883.191,726.408,
BB18060018, ,C,HLRXA_W2_09,J24,A.Conservative,MassSpec,Off,0.19,5,,,890.321,892.617,,
BB18060018, ,C,HLHX_W1_23,B24,A.Conservative,MassSpec,Off,0.15,8,,,794.841,0,,
BB18060018, ,CA,HLHX_W1_24,B24,B.Moderate,MassSpec,Off,-0.2,8,,,651.479,653.309,,
BB18060018, ,G,HLHX_W1_17,B24,A.Conservative,MassSpec,Off,-0.17,8,,,0,751.133,,
BB18060018, ,AG,HLHX_W1_18,B24,A.Conservative,MassSpec,Off,0.54,8,,,766.737,768.348,,
BB18060018, ,AG,HLHX_W1_19,B24,A.Conservative,MassSpec,Off,0.21,8,,,727.677,729.196,,
BB18060018, ,A,HLHX_W1_20,B24,A.Conservative,MassSpec,Off,0.07,8,,,794.533,796.18,,
BB18060018, ,C,HLHX_W1_21,B24,A.Conservative,MassSpec,Off,-0.04,8,,,707.613,709.07,0,
BB18060018, ,GA,HLHX_W1_22,B24,B.Moderate,MassSpec,Off,-0.07,8,,,912.092,719.138,,
BB18060018, ,CA,HLHX_W1_12,B24,A.Conservative,MassSpec,Off,-0.07,8,,,763.102,831.846,,
BB18060018, ,G,HLHX_W1_13,B24,A.Conservative,MassSpec,Off,0.04,8,,,0,879.599,,
BB18060018, ,A,HLHX_W1_14,B24,A.Conservative,MassSpec,Off,0.02,8,,,898.304,900.485,,
BB18060018, ,T,HLHX_W1_15,B24,A.Conservative,MassSpec,Off,-0.27,8,,,788.055,0,,
BB18060018, ,G,HLHX_W1_16,B24,A.Conservative,MassSpec,Off,0.11,8,,,863.721,0,,
BB18060018, ,TC,HLHX_W1_07,B24,A.Conservative,MassSpec,Off,0.04,8,,,775.952,778.097,,
BB18060018, ,T,HLHX_W1_08,B24,B.Moderate,MassSpec,Off,0.08,8,,,834.867,837.155,,
BB18060018, ,G,HLHX_W1_09,B24,A.Conservative,MassSpec,Off,0.2,8,,,823.154,825.358,,
BB18060018, ,A,HLHX_W1_10,B24,A.Conservative,MassSpec,Off,-0.22,8,,,656.202,0,778.483,
BB18060018, ,CT,HLHX_W1_11,B24,A.Conservative,MassSpec,Off,-0.09,8,,,808.049,718.734,,
BB18060018, ,GC,HLHX_W1_01,B24,A.Conservative,MassSpec,Off,0.31,8,,,694.038,710.094,,
BB18060018, ,A,HLHX_W1_02,B24,A.Conservative,MassSpec,Off,-0.1,8,,,590.439,761.316,,
BB18060018, ,T,HLHX_W1_03,B24,A.Conservative,MassSpec,Off,0.03,8,,,1987.65,758.798,,
BB18060018, ,C,HLHX_W1_04,B24,B.Moderate,MassSpec,Off,-0.16,8,,,671.113,626.823,,
BB18060018, ,T,HLHX_W1_05,B24,A.Conservative,MassSpec,Off,0.02,8,,,622.746,771.646,,
BB18060018, ,ATTTGTTCATGCCT,HLHX_W1_06,B24,D.Low Probability,MassSpec,Off,-0.3,8,,,783.1,703.647,,
BB18060018, ,AG,HLRXA_W1_12,F24,B.Moderate,MassSpec,Off,-0.29,5,,,813.693,815.57,,
BB18060018, ,T,HLRXA_W1_09,F24,B.Moderate,MassSpec,Off,0.14,5,,,830.324,832.404,,
BB18060018, ,AG,HLRXA_W1_02,F24,A.Conservative,MassSpec,Off,0.09,5,,,769.238,771.504,,
BB18060018, ,G,HLRXA_W1_05,F24,A.Conservative,MassSpec,Off,0.2,5,,,831.35,0,,
BB18060018, ,C,HLRXA_W1_14,F24,A.Conservative,MassSpec,Off,-0.15,5,,,869.937,872.776,,
BB18060018, ,DEL,HLRXA_W1_03,F24,A.Conservative,MassSpec,Off,0.12,5,,,750.774,752.943,,
BB18060018, ,CG,HLRXA_W1_06,F24,B.Moderate,MassSpec,Off,0.27,5,,,761.738,733.901,,
BB18060018, ,TC,HLRXA_W1_01,F24,A.Conservative,MassSpec,Off,0.57,5,,,665.331,667.56,,
BB18060018, ,CC,HLRXA_W1_16,F24,D.Low Probability,MassSpec,Off,-1.07,5,,,665.944,668.037,669.427,0
BB18060018, ,A,HLRXA_W1_17,F24,C.Aggressive,MassSpec,Off,-0.11,5,,,831.765,833.449,,
BB18060018, ,A,HLRXA_W1_11,F24,B.Moderate,MassSpec,Off,-0.03,5,,,799.39,871.13,772.884,
BB18060018, ,G,HLRXA_W1_07,F24,A.Conservative,MassSpec,Off,0.18,5,,,0,912.972,,
BB18060018, ,C,HLRXA_W1_04,F24,C.Aggressive,MassSpec,Off,0.46,5,,,714.315,888.466,,
BB18060018, ,CT,HLRXA_W1_10,F24,D.Low Probability,MassSpec,Off,0.12,5,,,863.161,865.249,,
BB18060018, ,G,HLRXA_W1_08,F24,A.Conservative,MassSpec,Off,0.12,5,,,820.328,822.427,0,
BB18060018, ,AG,HLRXA_W1_13,F24,C.Aggressive,MassSpec,Off,-0.01,5,,,836.268,838.1,,
BB18060018, ,A,HLRXA_W1_15,F24,A.Conservative,MassSpec,Off,-0.24,5,,,1201.62,0,812.896,
