Agena/test/20180817/1/G1111888 (1)  [MA4-3.3.1.20-iPLEX 08/17/18 11:48:31]     08/17/2018,,,,,,,,,,,,,,,
,,,,,,,,,,,,,,,
Sample Id,Sample Description,Call,Assay Id,,Well Position,Description,Entry Operator,Calibration,Mass Shift,Rasters,Fractional UEP,Fractional Pausing,Resolution ,Resolution 2,Resolution 3
BB18080040, ,AG,HLFA_W1_01,,M15,A.Conservative,MassSpec,Off,0.63,5,,,804.957,807.631,
BB18080040, ,CG,HLFA_W1_02,,M15,A.Conservative,MassSpec,Off,0.44,5,,,896.9,882.492,
BB18080040, ,TC,HLFA_W1_03,,M15,A.Conservative,MassSpec,Off,0.32,5,,,849.282,851.791,
BB18080040, ,T,HLFA_W1_04,,M15,A.Conservative,MassSpec,Off,0.26,5,,,788.734,828.117,
BB18080040, ,CG,HLFA_W1_05,,M15,A.Conservative,MassSpec,Off,0.12,5,,,802.293,897.289,
BB18080040, ,CA,HLFA_W1_06,,M15,A.Conservative,MassSpec,Off,0.03,5,,,742.638,771.002,
BB18080040, ,G,HLFA_W1_07,,M15,A.Conservative,MassSpec,Off,0.2,5,,,896.484,2587.12,
BB18080040, ,C,HLFA_W1_08,,M15,B.Moderate,MassSpec,Off,0,5,,,863.113,865.298,
BB18080040, ,GA,HLFA_W1_09,,M15,B.Moderate,MassSpec,Off,-0.23,5,,,836.708,866.417,
BB18080040, ,G,HLFA_W1_10,,M15,A.Conservative,MassSpec,Off,0.07,5,,,865.168,0,
BB18080040, ,A,HLFA_W1_11,,M15,A.Conservative,MassSpec,Off,0.03,5,,,927.871,930.017,
BB18080040, ,G,HLFA_W1_12,,M15,A.Conservative,MassSpec,Off,-0.33,5,,,847.452,849.319,
BB18080040, ,AG,HLFA_W2_01,,M16,A.Conservative,MassSpec,Off,0.32,5,,,782.372,785.02,494.924
BB18080040, ,G,HLFA_W2_02,,M16,A.Conservative,MassSpec,Off,0.19,5,,,811.936,767.767,
BB18080040, ,T,HLFA_W2_03,,M16,A.Conservative,MassSpec,Off,0.09,5,,,637.097,742.657,
BB18080040, ,GA,HLFA_W2_04,,M16,A.Conservative,MassSpec,Off,-0.03,5,,,910.615,935.53,799.735
BB18080040, ,G,HLFA_W2_05,,M16,A.Conservative,MassSpec,Off,0.23,5,,,813.107,2352.58,
BB18080040, ,TA7.TA6,HLFA_W2_06,,M16,E.User Call,charles,Off,-0.15,5,,,819.824,821.28,
BB18080040, ,GC,HLHX_W1_01,,M14,A.Conservative,MassSpec,Off,0.44,5,,,748.468,821.738,
BB18080040, ,A,HLHX_W1_02,,M14,A.Conservative,MassSpec,Off,0.43,5,,,590.439,805.028,
BB18080040, ,T,HLHX_W1_03,,M14,A.Conservative,MassSpec,Off,0.31,5,,,1246.29,828,
BB18080040, ,A,HLHX_W1_04,,M14,A.Conservative,MassSpec,Off,0.52,5,,,615.812,862.502,
BB18080040, ,G,HLHX_W1_05,,M14,B.Moderate,MassSpec,Off,0.27,5,,,876.153,1219.21,
BB18080040, ,DEL,HLHX_W1_06,,M14,A.Conservative,MassSpec,Off,-0.13,5,,,883.298,762.124,
BB18080040, ,TC,HLHX_W1_07,,M14,A.Conservative,MassSpec,Off,0.1,5,,,824.664,826.943,
BB18080040, ,T,HLHX_W1_08,,M14,B.Moderate,MassSpec,Off,0.53,5,,,829.605,831.878,
BB18080040, ,G,HLHX_W1_09,,M14,A.Conservative,MassSpec,Off,0.14,5,,,855.293,857.584,
BB18080040, ,A,HLHX_W1_10,,M14,A.Conservative,MassSpec,Off,0.03,5,,,0,0,849.673
BB18080040, ,CT,HLHX_W1_11,,M14,B.Moderate,MassSpec,Off,0.15,5,,,863.483,798.213,
BB18080040, ,CA,HLHX_W1_12,,M14,E.User Call,charles,Off,-0.07,5,,,879.361,887.597,
BB18080040, ,G,HLHX_W1_13,,M14,A.Conservative,MassSpec,Off,0.01,5,,,0,883.547,
BB18080040, ,A,HLHX_W1_14,,M14,A.Conservative,MassSpec,Off,-0.02,5,,,871.411,873.526,
BB18080040, ,T,HLHX_W1_15,,M14,A.Conservative,MassSpec,Off,-0.01,5,,,873.753,0,
BB18080040, ,A,HLHX_W1_16,,M14,A.Conservative,MassSpec,Off,-0.43,5,,,0,806.561,
BB18080040, ,CG,HLHX_W1_17,,M14,A.Conservative,MassSpec,Off,-0.48,5,,,831.518,886.889,
BB18080040, ,AG,HLHX_W1_18,,M14,A.Conservative,MassSpec,Off,0.08,5,,,800.737,802.42,
BB18080040, ,AG,HLHX_W1_19,,M14,A.Conservative,MassSpec,Off,0.23,5,,,777.838,779.462,
BB18080040, ,A,HLHX_W1_20,,M14,A.Conservative,MassSpec,Off,-0.1,5,,,814.794,816.483,
BB18080040, ,CA,HLHX_W1_21,,M14,B.Moderate,MassSpec,Off,-0.06,5,,,763.129,764.701,636.371
BB18080040, ,G,HLHX_W1_22,,M14,B.Moderate,MassSpec,Off,0.1,5,,,895.308,1611.01,
BB18080040, ,C,HLHX_W1_23,,M14,A.Conservative,MassSpec,Off,0.06,5,,,863.388,748.771,
BB18080040, ,CA,HLHX_W1_24,,M14,E.User Call,charles,Off,-0.25,5,,,795.371,797.605,
